Id,PositionX,PositionY,IsWorkStation,CanLeftLoad,CanLeftUnload,CanRightLoad,CanRightUnload,IsCharger,CouplerId,ChargeDirection,IsSegmentPoint,CanSpin,PioDirection,IsTR50,InsideSectionId,OffsetX,OffsetY,OffsetTheta,VehicleHeadAngle
10091,1409,2092,True,True,False,False,False,False,None,None,True,False,Left,False,0,0,0,0,0
10092,649,3302,True,True,False,False,False,False,None,None,True,False,Left,False,0,0,0,0,0
11093,649,5402,True,True,False,False,False,False,None,None,True,False,Left,False,0,0,0,0,0
11094,649,7112,True,True,False,False,False,False,None,None,True,False,Left,False,0,0,0,0,0
11095,649,8822,True,True,False,False,False,False,None,None,True,False,Left,False,0,0,0,0,0
10096,649,10652,True,True,False,False,False,False,None,None,True,False,Left,False,0,0,0,0,0
10097,649,13972,True,True,False,False,False,False,None,None,True,False,Left,False,0,0,0,0,0
10175,649,16992,True,True,False,False,False,False,None,None,True,False,Left,False,0,0,0,0,0
11176,649,19242,True,True,False,False,False,False,None,None,True,False,Left,False,0,0,0,0,0
10177,649,21432,True,True,False,False,False,False,None,None,True,False,Left,False,0,0,0,0,0
10879,649,24242,True,True,False,False,False,False,None,None,True,False,Left,False,0,0,0,0,0
10261,649,27322,True,True,False,False,False,False,None,None,True,False,Left,False,0,0,0,0,0
11262,649,28372,True,True,False,False,False,False,None,None,True,False,Left,False,0,0,0,0,0
10263,649,29332,True,True,False,False,False,False,None,None,True,False,Left,False,0,0,0,0,0
10264,649,31842,True,True,False,False,False,False,None,None,True,False,Left,False,0,0,0,0,0
10349,649,34922,True,True,False,False,False,False,None,None,True,False,Left,False,0,0,0,0,0
11350,649,35882,True,True,False,False,False,False,None,None,True,False,Left,False,0,0,0,0,0
10351,649,36842,True,True,False,False,False,False,None,None,True,False,Left,False,0,0,0,0,0
10352,649,39052,True,True,False,False,False,False,None,None,True,False,Left,False,0,0,0,0,0
10434,649,42462,True,True,False,False,False,False,None,None,True,False,Left,False,0,0,0,0,0
10435,649,44462,True,True,False,False,False,False,None,None,True,False,Left,False,0,0,0,0,0
10513,649,46612,True,True,False,False,False,False,None,None,True,False,Left,False,0,0,0,0,0
10514,649,48522,True,True,False,False,False,False,None,None,True,False,Left,False,0,0,0,0,0
10591,649,51122,True,True,False,False,False,False,None,None,True,False,Left,False,0,0,0,0,0
10592,649,51992,True,True,False,False,False,False,None,None,True,False,Left,False,0,0,0,0,0
10593,649,53872,True,True,False,False,False,False,None,None,True,False,Left,False,0,0,0,0,0
10675,649,56202,True,True,False,False,False,False,None,None,True,False,Left,False,0,0,0,0,0
10676,1829,57532,True,True,False,False,False,False,None,None,True,False,Left,False,0,0,0,0,0
12677,2339,57532,True,True,False,False,False,False,None,None,True,False,Left,False,0,0,0,0,0
14678,2849,57532,True,True,False,False,False,False,None,None,True,False,Left,False,0,0,0,0,0
14679,3329,57532,True,True,False,False,False,False,None,None,True,False,Left,False,0,0,0,0,0
12680,3809,57532,True,True,False,False,False,False,None,None,True,False,Left,False,0,0,0,0,0
12681,4439,57532,True,True,False,False,False,False,None,None,True,False,Left,False,0,0,0,0,0
14682,4949,57532,True,True,False,False,False,False,None,None,True,False,Left,False,0,0,0,0,0
14683,5429,57532,True,True,False,False,False,False,None,None,True,False,Left,False,0,0,0,0,0
12684,5909,57532,True,True,False,False,False,False,None,None,True,False,Left,False,0,0,0,0,0
12685,6569,57532,True,True,False,False,False,False,None,None,True,False,Left,False,0,0,0,0,0
12686,7049,57532,True,True,False,False,False,False,None,None,True,False,Left,False,0,0,0,0,0
12687,7529,57532,True,True,False,False,False,False,None,None,True,False,Left,False,0,0,0,0,0
12688,8039,57532,True,True,False,False,False,False,None,None,True,False,Left,False,0,0,0,0,0
12689,8639,57532,True,True,False,False,False,False,None,None,True,False,Left,False,0,0,0,0,0
12690,9149,57532,True,True,False,False,False,False,None,None,True,False,Left,False,0,0,0,0,0
12691,9629,57532,True,True,False,False,False,False,None,None,True,False,Left,False,0,0,0,0,0
12692,10139,57532,True,True,False,False,False,False,None,None,True,False,Left,False,0,0,0,0,0
12693,10769,57532,True,True,False,False,False,False,None,None,True,False,Left,False,0,0,0,0,0
12694,11249,57532,True,True,False,False,False,False,None,None,True,False,Left,False,0,0,0,0,0
12695,11729,57532,True,True,False,False,False,False,None,None,True,False,Left,False,0,0,0,0,0
12696,12239,57532,True,True,False,False,False,False,None,None,True,False,Left,False,0,0,0,0,0
12697,12869,57532,True,True,False,False,False,False,None,None,True,False,Left,False,0,0,0,0,0
12698,13349,57532,True,True,False,False,False,False,None,None,True,False,Left,False,0,0,0,0,0
12699,13859,57532,True,True,False,False,False,False,None,None,True,False,Left,False,0,0,0,0,0
12700,14339,57532,True,True,False,False,False,False,None,None,True,False,Left,False,0,0,0,0,0
12701,14969,57532,True,True,False,False,False,False,None,None,True,False,Left,False,0,0,0,0,0
12702,15449,57532,True,True,False,False,False,False,None,None,True,False,Left,False,0,0,0,0,0
12703,15959,57532,True,True,False,False,False,False,None,None,True,False,Left,False,0,0,0,0,0
12704,16439,57532,True,True,False,False,False,False,None,None,True,False,Left,False,0,0,0,0,0
12705,17069,57532,True,True,False,False,False,False,None,None,True,False,Left,False,0,0,0,0,0
12706,17549,57532,True,True,False,False,False,False,None,None,True,False,Left,False,0,0,0,0,0
12707,18029,57532,True,True,False,False,False,False,None,None,True,False,Left,False,0,0,0,0,0
12708,18539,57532,True,True,False,False,False,False,None,None,True,False,Left,False,0,0,0,0,0
12709,19169,57532,True,True,False,False,False,False,None,None,True,False,Left,False,0,0,0,0,0
12710,19649,57532,True,True,False,False,False,False,None,None,True,False,Left,False,0,0,0,0,0
12711,20039,57532,True,True,False,False,False,False,None,None,True,False,Left,False,0,0,0,0,0
12712,20639,57532,True,True,False,False,False,False,None,None,True,False,Left,False,0,0,0,0,0
12713,21269,57532,True,True,False,False,False,False,None,None,True,False,Left,False,0,0,0,0,0
12714,21749,57532,True,True,False,False,False,False,None,None,True,False,Left,False,0,0,0,0,0
12715,22259,57532,True,True,False,False,False,False,None,None,True,False,Left,False,0,0,0,0,0
12716,22739,57532,True,True,False,False,False,False,None,None,True,False,Left,False,0,0,0,0,0
10717,22949,57532,True,True,False,False,False,False,None,None,True,False,Left,False,0,0,0,0,0
10836,24039,58772,True,True,False,False,False,False,None,None,True,False,Left,False,0,0,0,0,0
10594,1919,53292,True,True,False,False,False,False,None,None,True,False,Left,False,0,0,0,0,0
12595,2249,53292,True,True,False,False,False,False,None,None,True,False,Left,False,0,0,0,0,0
12596,2729,53292,True,True,False,False,False,False,None,None,True,False,Left,False,0,0,0,0,0
14597,3029,53292,True,True,False,False,False,False,None,None,True,False,Left,False,0,0,0,0,0
12598,3719,53292,True,True,False,False,False,False,None,None,True,False,Left,False,0,0,0,0,0
12599,4349,53292,True,True,False,False,False,False,None,None,True,False,Left,False,0,0,0,0,0
14600,5009,53292,True,True,False,False,False,False,None,None,True,False,Left,False,0,0,0,0,0
12601,5309,53292,True,True,False,False,False,False,None,None,True,False,Left,False,0,0,0,0,0
12602,5819,53292,True,True,False,False,False,False,None,None,True,False,Left,False,0,0,0,0,0
12603,6449,53292,True,True,False,False,False,False,None,None,True,False,Left,False,0,0,0,0,0
14604,7019,53292,True,True,False,False,False,False,None,None,True,False,Left,False,0,0,0,0,0
12605,7409,53292,True,True,False,False,False,False,None,None,True,False,Left,False,0,0,0,0,0
12606,7919,53292,True,True,False,False,False,False,None,None,True,False,Left,False,0,0,0,0,0
12607,8549,53292,True,True,False,False,False,False,None,None,True,False,Left,False,0,0,0,0,0
14608,9029,53292,True,True,False,False,False,False,None,None,True,False,Left,False,0,0,0,0,0
12609,9509,53292,True,True,False,False,False,False,None,None,True,False,Left,False,0,0,0,0,0
12610,10019,53292,True,True,False,False,False,False,None,None,True,False,Left,False,0,0,0,0,0
12611,10649,53292,True,True,False,False,False,False,None,None,True,False,Left,False,0,0,0,0,0
14612,11009,53292,True,True,False,False,False,False,None,None,True,False,Left,False,0,0,0,0,0
12613,11609,53292,True,True,False,False,False,False,None,None,True,False,Left,False,0,0,0,0,0
12614,12119,53292,True,True,False,False,False,False,None,None,True,False,Left,False,0,0,0,0,0
12615,12749,53292,True,True,False,False,False,False,None,None,True,False,Left,False,0,0,0,0,0
14616,13019,53292,True,True,False,False,False,False,None,None,True,False,Left,False,0,0,0,0,0
12617,13709,53292,True,True,False,False,False,False,None,None,True,False,Left,False,0,0,0,0,0
12618,14219,53292,True,True,False,False,False,False,None,None,True,False,Left,False,0,0,0,0,0
14619,15029,53292,True,True,False,False,False,False,None,None,True,False,Left,False,0,0,0,0,0
12620,15329,53292,True,True,False,False,False,False,None,None,True,False,Left,False,0,0,0,0,0
12621,15809,53292,True,True,False,False,False,False,None,None,True,False,Left,False,0,0,0,0,0
12622,16319,53292,True,True,False,False,False,False,None,None,True,False,Left,False,0,0,0,0,0
14623,17009,53292,True,True,False,False,False,False,None,None,True,False,Left,False,0,0,0,0,0
12624,17429,53292,True,True,False,False,False,False,None,None,True,False,Left,False,0,0,0,0,0
12625,17909,53292,True,True,False,False,False,False,None,None,True,False,Left,False,0,0,0,0,0
12626,18419,53292,True,True,False,False,False,False,None,None,True,False,Left,False,0,0,0,0,0
14627,19019,53292,True,True,False,False,False,False,None,None,True,False,Left,False,0,0,0,0,0
12628,19529,53292,True,True,False,False,False,False,None,None,True,False,Left,False,0,0,0,0,0
12629,20009,53292,True,True,False,False,False,False,None,None,True,False,Left,False,0,0,0,0,0
12630,20519,53292,True,True,False,False,False,False,None,None,True,False,Left,False,0,0,0,0,0
13631,21029,53292,True,True,False,False,False,False,None,None,True,False,Left,False,0,0,0,0,0
10632,21329,53292,True,True,False,False,False,False,None,None,True,False,Left,False,0,0,0,0,0
10633,23300,50972,True,True,False,False,False,False,None,None,True,False,Left,False,0,0,0,0,0
10834,24039,54136,True,True,False,False,False,False,None,None,True,False,Left,False,0,0,0,0,0
10835,24039,56541,True,True,False,False,False,False,None,None,True,False,Left,False,0,0,0,0,0
10515,2159,47792,True,True,False,False,False,False,None,None,True,False,Left,False,0,0,0,0,0
13516,3689,47792,True,True,False,False,False,False,None,None,True,False,Left,False,0,0,0,0,0
12517,4439,47792,True,True,False,False,False,False,None,None,True,False,Left,False,0,0,0,0,0
12518,4919,47792,True,True,False,False,False,False,None,None,True,False,Left,False,0,0,0,0,0
12519,5519,47792,True,True,False,False,False,False,None,None,True,False,Left,False,0,0,0,0,0
14520,5909,47792,True,True,False,False,False,False,None,None,True,False,Left,False,0,0,0,0,0
12521,6539,47792,True,True,False,False,False,False,None,None,True,False,Left,False,0,0,0,0,0
12522,7019,47792,True,True,False,False,False,False,None,None,True,False,Left,False,0,0,0,0,0
12523,7529,47792,True,True,False,False,False,False,None,None,True,False,Left,False,0,0,0,0,0
12524,8009,47792,True,True,False,False,False,False,None,None,True,False,Left,False,0,0,0,0,0
12525,8639,47792,True,True,False,False,False,False,None,None,True,False,Left,False,0,0,0,0,0
12526,9119,47792,True,True,False,False,False,False,None,None,True,False,Left,False,0,0,0,0,0
12527,9629,47792,True,True,False,False,False,False,None,None,True,False,Left,False,0,0,0,0,0
12528,10109,47792,True,True,False,False,False,False,None,None,True,False,Left,False,0,0,0,0,0
12529,10739,47792,True,True,False,False,False,False,None,None,True,False,Left,False,0,0,0,0,0
12530,11219,47792,True,True,False,False,False,False,None,None,True,False,Left,False,0,0,0,0,0
14531,11819,47792,True,True,False,False,False,False,None,None,True,False,Left,False,0,0,0,0,0
12532,12209,47792,True,True,False,False,False,False,None,None,True,False,Left,False,0,0,0,0,0
12533,12839,47792,True,True,False,False,False,False,None,None,True,False,Left,False,0,0,0,0,0
12534,13319,47792,True,True,False,False,False,False,None,None,True,False,Left,False,0,0,0,0,0
14535,13819,47792,True,True,False,False,False,False,None,None,True,False,Left,False,0,0,0,0,0
12536,14309,47792,True,True,False,False,False,False,None,None,True,False,Left,False,0,0,0,0,0
12537,14939,47792,True,True,False,False,False,False,None,None,True,False,Left,False,0,0,0,0,0
12538,15419,47792,True,True,False,False,False,False,None,None,True,False,Left,False,0,0,0,0,0
14539,15689,47792,True,True,False,False,False,False,None,None,True,False,Left,False,0,0,0,0,0
12540,16409,47792,True,True,False,False,False,False,None,None,True,False,Left,False,0,0,0,0,0
12541,17039,47792,True,True,False,False,False,False,None,None,True,False,Left,False,0,0,0,0,0
13542,17789,47792,True,True,False,False,False,False,None,None,True,False,Left,False,0,0,0,0,0
12543,18509,47792,True,True,False,False,False,False,None,None,True,False,Left,False,0,0,0,0,0
12544,19189,47792,True,True,False,False,False,False,None,None,True,False,Left,False,0,0,0,0,0
12545,19559,47792,True,True,False,False,False,False,None,None,True,False,Left,False,0,0,0,0,0
12546,20189,47792,True,True,False,False,False,False,None,None,True,False,Left,False,0,0,0,0,0
12547,20549,47792,True,True,False,False,False,False,None,None,True,False,Left,False,0,0,0,0,0
12548,21179,47792,True,True,False,False,False,False,None,None,True,False,Left,False,0,0,0,0,0
12549,21659,47792,True,True,False,False,False,False,None,None,True,False,Left,False,0,0,0,0,0
12550,22139,47792,True,True,False,False,False,False,None,None,True,False,Left,False,0,0,0,0,0
12551,22649,47792,True,True,False,False,False,False,None,None,True,False,Left,False,0,0,0,0,0
10552,22889,47792,True,True,False,False,False,False,None,None,True,False,Left,False,0,0,0,0,0
10832,24039,48492,True,True,False,False,False,False,None,None,True,False,Left,False,0,0,0,0,0
10833,24039,52168,True,True,False,False,False,False,None,None,True,False,Left,False,0,0,0,0,0
10436,2189,43822,True,True,False,False,False,False,None,None,True,False,Left,False,0,0,0,0,0
13437,3029,43822,True,True,False,False,False,False,None,None,True,False,Left,False,0,0,0,0,0
12438,4349,43822,True,True,False,False,False,False,None,None,True,False,Left,False,0,0,0,0,0
14439,5009,43822,True,True,False,False,False,False,None,None,True,False,Left,False,0,0,0,0,0
12440,5309,43822,True,True,False,False,False,False,None,None,True,False,Left,False,0,0,0,0,0
12441,5819,43822,True,True,False,False,False,False,None,None,True,False,Left,False,0,0,0,0,0
12442,6449,43822,True,True,False,False,False,False,None,None,True,False,Left,False,0,0,0,0,0
14443,7019,43822,True,True,False,False,False,False,None,None,True,False,Left,False,0,0,0,0,0
12444,7409,43822,True,True,False,False,False,False,None,None,True,False,Left,False,0,0,0,0,0
12445,7919,43822,True,True,False,False,False,False,None,None,True,False,Left,False,0,0,0,0,0
12446,8549,43822,True,True,False,False,False,False,None,None,True,False,Left,False,0,0,0,0,0
14447,9029,43822,True,True,False,False,False,False,None,None,True,False,Left,False,0,0,0,0,0
12448,9509,43822,True,True,False,False,False,False,None,None,True,False,Left,False,0,0,0,0,0
12449,10019,43822,True,True,False,False,False,False,None,None,True,False,Left,False,0,0,0,0,0
12450,10649,43822,True,True,False,False,False,False,None,None,True,False,Left,False,0,0,0,0,0
14451,11009,43822,True,True,False,False,False,False,None,None,True,False,Left,False,0,0,0,0,0
12452,11609,43822,True,True,False,False,False,False,None,None,True,False,Left,False,0,0,0,0,0
12453,12119,43822,True,True,False,False,False,False,None,None,True,False,Left,False,0,0,0,0,0
14454,13019,43822,True,True,False,False,False,False,None,None,True,False,Left,False,0,0,0,0,0
12455,13709,43822,True,True,False,False,False,False,None,None,True,False,Left,False,0,0,0,0,0
12456,14219,43822,True,True,False,False,False,False,None,None,True,False,Left,False,0,0,0,0,0
14457,15029,43822,True,True,False,False,False,False,None,None,True,False,Left,False,0,0,0,0,0
12458,15329,43822,True,True,False,False,False,False,None,None,True,False,Left,False,0,0,0,0,0
12459,15809,43822,True,True,False,False,False,False,None,None,True,False,Left,False,0,0,0,0,0
12460,16319,43822,True,True,False,False,False,False,None,None,True,False,Left,False,0,0,0,0,0
14461,17009,43822,True,True,False,False,False,False,None,None,True,False,Left,False,0,0,0,0,0
12462,17429,43822,True,True,False,False,False,False,None,None,True,False,Left,False,0,0,0,0,0
12463,17909,43822,True,True,False,False,False,False,None,None,True,False,Left,False,0,0,0,0,0
12464,18419,43822,True,True,False,False,False,False,None,None,True,False,Left,False,0,0,0,0,0
12465,19049,43822,True,True,False,False,False,False,None,None,True,False,Left,False,0,0,0,0,0
12466,19529,43822,True,True,False,False,False,False,None,None,True,False,Left,False,0,0,0,0,0
12467,20009,43822,True,True,False,False,False,False,None,None,True,False,Left,False,0,0,0,0,0
12468,20519,43822,True,True,False,False,False,False,None,None,True,False,Left,False,0,0,0,0,0
10469,21629,43822,True,True,False,False,False,False,None,None,True,False,Left,False,0,0,0,0,0
10470,23300,42222,True,True,False,False,False,False,None,None,True,False,Left,False,0,0,0,0,0
10471,23300,41502,True,True,False,False,False,False,None,None,True,False,Left,False,0,0,0,0,0
10395,21929,40142,True,True,False,False,False,False,None,None,True,False,Left,False,0,0,0,0,0
13396,21209,40142,True,True,False,False,False,False,None,None,True,False,Left,False,0,0,0,0,0
14397,20729,40142,True,True,False,False,False,False,None,None,True,False,Left,False,0,0,0,0,0
12398,20069,40142,True,True,False,False,False,False,None,None,True,False,Left,False,0,0,0,0,0
12399,19589,40142,True,True,False,False,False,False,None,None,True,False,Left,False,0,0,0,0,0
14400,19019,40142,True,True,False,False,False,False,None,None,True,False,Left,False,0,0,0,0,0
14401,18449,40142,True,True,False,False,False,False,None,None,True,False,Left,False,0,0,0,0,0
12402,17969,40142,True,True,False,False,False,False,None,None,True,False,Left,False,0,0,0,0,0
12403,17489,40142,True,True,False,False,False,False,None,None,True,False,Left,False,0,0,0,0,0
12404,17009,40142,True,True,False,False,False,False,None,None,True,False,Left,False,0,0,0,0,0
14405,16499,40142,True,True,False,False,False,False,None,None,True,False,Left,False,0,0,0,0,0
12406,15869,40142,True,True,False,False,False,False,None,None,True,False,Left,False,0,0,0,0,0
12407,15389,40142,True,True,False,False,False,False,None,None,True,False,Left,False,0,0,0,0,0
12408,14909,40142,True,True,False,False,False,False,None,None,True,False,Left,False,0,0,0,0,0
14409,14489,40142,True,True,False,False,False,False,None,None,True,False,Left,False,0,0,0,0,0
12410,13769,40142,True,True,False,False,False,False,None,None,True,False,Left,False,0,0,0,0,0
12411,13289,40142,True,True,False,False,False,False,None,None,True,False,Left,False,0,0,0,0,0
12412,12809,40142,True,True,False,False,False,False,None,None,True,False,Left,False,0,0,0,0,0
14413,12509,40142,True,True,False,False,False,False,None,None,True,False,Left,False,0,0,0,0,0
12414,12179,40142,True,True,False,False,False,False,None,None,True,False,Left,False,0,0,0,0,0
12415,11669,40142,True,True,False,False,False,False,None,None,True,False,Left,False,0,0,0,0,0
12416,11189,40142,True,True,False,False,False,False,None,None,True,False,Left,False,0,0,0,0,0
14417,10499,40142,True,True,False,False,False,False,None,None,True,False,Left,False,0,0,0,0,0
12418,10079,40142,True,True,False,False,False,False,None,None,True,False,Left,False,0,0,0,0,0
12419,9569,40142,True,True,False,False,False,False,None,None,True,False,Left,False,0,0,0,0,0
12420,9089,40142,True,True,False,False,False,False,None,None,True,False,Left,False,0,0,0,0,0
14421,8609,40142,True,True,False,False,False,False,None,None,True,False,Left,False,0,0,0,0,0
12422,7979,40142,True,True,False,False,False,False,None,None,True,False,Left,False,0,0,0,0,0
12423,7469,40142,True,True,False,False,False,False,None,None,True,False,Left,False,0,0,0,0,0
12424,6989,40142,True,True,False,False,False,False,None,None,True,False,Left,False,0,0,0,0,0
14425,6509,40142,True,True,False,False,False,False,None,None,True,False,Left,False,0,0,0,0,0
12426,5879,40142,True,True,False,False,False,False,None,None,True,False,Left,False,0,0,0,0,0
12427,5369,40142,True,True,False,False,False,False,None,None,True,False,Left,False,0,0,0,0,0
12428,4889,40142,True,True,False,False,False,False,None,None,True,False,Left,False,0,0,0,0,0
14429,4499,40142,True,True,False,False,False,False,None,None,True,False,Left,False,0,0,0,0,0
12430,3779,40142,True,True,False,False,False,False,None,None,True,False,Left,False,0,0,0,0,0
12431,3269,40142,True,True,False,False,False,False,None,None,True,False,Left,False,0,0,0,0,0
12432,2789,40142,True,True,False,False,False,False,None,None,True,False,Left,False,0,0,0,0,0
14433,2519,40142,True,True,False,False,False,False,None,None,True,False,Left,False,0,0,0,0,0
10830,24039,44666,True,True,False,False,False,False,None,None,True,False,Left,False,0,0,0,0,0
10831,24039,46969,True,True,False,False,False,False,None,None,True,False,Left,False,0,0,0,0,0
10353,1949,38202,True,True,False,False,False,False,None,None,True,False,Left,False,0,0,0,0,0
12354,2279,38202,True,True,False,False,False,False,None,None,True,False,Left,False,0,0,0,0,0
12355,2759,38202,True,True,False,False,False,False,None,None,True,False,Left,False,0,0,0,0,0
12356,3239,38202,True,True,False,False,False,False,None,None,True,False,Left,False,0,0,0,0,0
12357,3749,38202,True,True,False,False,False,False,None,None,True,False,Left,False,0,0,0,0,0
12358,4379,38202,True,True,False,False,False,False,None,None,True,False,Left,False,0,0,0,0,0
14359,4859,38202,True,True,False,False,False,False,None,None,True,False,Left,False,0,0,0,0,0
14360,5399,38202,True,True,False,False,False,False,None,None,True,False,Left,False,0,0,0,0,0
12361,5849,38202,True,True,False,False,False,False,None,None,True,False,Left,False,0,0,0,0,0
12362,6479,38202,True,True,False,False,False,False,None,None,True,False,Left,False,0,0,0,0,0
12363,6959,38202,True,True,False,False,False,False,None,None,True,False,Left,False,0,0,0,0,0
12364,7439,38202,True,True,False,False,False,False,None,None,True,False,Left,False,0,0,0,0,0
12365,7949,38202,True,True,False,False,False,False,None,None,True,False,Left,False,0,0,0,0,0
12366,8579,38202,True,True,False,False,False,False,None,None,True,False,Left,False,0,0,0,0,0
12367,9059,38202,True,True,False,False,False,False,None,None,True,False,Left,False,0,0,0,0,0
12368,9539,38202,True,True,False,False,False,False,None,None,True,False,Left,False,0,0,0,0,0
12369,10049,38202,True,True,False,False,False,False,None,None,True,False,Left,False,0,0,0,0,0
12370,10679,38202,True,True,False,False,False,False,None,None,True,False,Left,False,0,0,0,0,0
12371,11159,38202,True,True,False,False,False,False,None,None,True,False,Left,False,0,0,0,0,0
12372,11639,38202,True,True,False,False,False,False,None,None,True,False,Left,False,0,0,0,0,0
12373,12149,38202,True,True,False,False,False,False,None,None,True,False,Left,False,0,0,0,0,0
14374,12779,38202,True,True,False,False,False,False,None,None,True,False,Left,False,0,0,0,0,0
14375,13259,38202,True,True,False,False,False,False,None,None,True,False,Left,False,0,0,0,0,0
12376,13739,38202,True,True,False,False,False,False,None,None,True,False,Left,False,0,0,0,0,0
12377,14249,38202,True,True,False,False,False,False,None,None,True,False,Left,False,0,0,0,0,0
12378,14879,38202,True,True,False,False,False,False,None,None,True,False,Left,False,0,0,0,0,0
12379,15359,38202,True,True,False,False,False,False,None,None,True,False,Left,False,0,0,0,0,0
12380,15839,38202,True,True,False,False,False,False,None,None,True,False,Left,False,0,0,0,0,0
14381,16229,38202,True,True,False,False,False,False,None,None,True,False,Left,False,0,0,0,0,0
14382,16799,38202,True,True,False,False,False,False,None,None,True,False,Left,False,0,0,0,0,0
12383,17459,38202,True,True,False,False,False,False,None,None,True,False,Left,False,0,0,0,0,0
12384,17939,38202,True,True,False,False,False,False,None,None,True,False,Left,False,0,0,0,0,0
12385,18449,38202,True,True,False,False,False,False,None,None,True,False,Left,False,0,0,0,0,0
12386,19079,38202,True,True,False,False,False,False,None,None,True,False,Left,False,0,0,0,0,0
12387,19559,38202,True,True,False,False,False,False,None,None,True,False,Left,False,0,0,0,0,0
12388,20039,38202,True,True,False,False,False,False,None,None,True,False,Left,False,0,0,0,0,0
12389,20519,38202,True,True,False,False,False,False,None,None,True,False,Left,False,0,0,0,0,0
12390,21179,38202,True,True,False,False,False,False,None,None,True,False,Left,False,0,0,0,0,0
12391,21659,38202,True,True,False,False,False,False,None,None,True,False,Left,False,0,0,0,0,0
12392,22139,38202,True,True,False,False,False,False,None,None,True,False,Left,False,0,0,0,0,0
12393,22589,38202,True,True,False,False,False,False,None,None,True,False,Left,False,0,0,0,0,0
10394,22819,38202,True,True,False,False,False,False,None,None,True,False,Left,False,0,0,0,0,0
10828,24039,38962,True,True,False,False,False,False,None,None,True,False,Left,False,0,0,0,0,0
10829,24039,42762,True,True,False,False,False,False,None,None,True,False,Left,False,0,0,0,0,0
10265,1949,30662,True,True,False,False,False,False,None,None,True,False,Left,False,0,0,0,0,0
12266,2279,30662,True,True,False,False,False,False,None,None,True,False,Left,False,0,0,0,0,0
14267,2819,30662,True,True,False,False,False,False,None,None,True,False,Left,False,0,0,0,0,0
14268,3299,30662,True,True,False,False,False,False,None,None,True,False,Left,False,0,0,0,0,0
12269,3779,30662,True,True,False,False,False,False,None,None,True,False,Left,False,0,0,0,0,0
12270,4409,30662,True,True,False,False,False,False,None,None,True,False,Left,False,0,0,0,0,0
12271,4919,30662,True,True,False,False,False,False,None,None,True,False,Left,False,0,0,0,0,0
12272,5399,30662,True,True,False,False,False,False,None,None,True,False,Left,False,0,0,0,0,0
12273,5879,30662,True,True,False,False,False,False,None,None,True,False,Left,False,0,0,0,0,0
14274,6119,30662,True,True,False,False,False,False,None,None,True,False,Left,False,0,0,0,0,0
14275,6689,30662,True,True,False,False,False,False,None,None,True,False,Left,False,0,0,0,0,0
12276,6989,30662,True,True,False,False,False,False,None,None,True,False,Left,False,0,0,0,0,0
12277,7499,30662,True,True,False,False,False,False,None,None,True,False,Left,False,0,0,0,0,0
12278,7979,30662,True,True,False,False,False,False,None,None,True,False,Left,False,0,0,0,0,0
12279,8609,30662,True,True,False,False,False,False,None,None,True,False,Left,False,0,0,0,0,0
12280,9089,30662,True,True,False,False,False,False,None,None,True,False,Left,False,0,0,0,0,0
14281,9389,30662,True,True,False,False,False,False,None,None,True,False,Left,False,0,0,0,0,0
14282,9959,30662,True,True,False,False,False,False,None,None,True,False,Left,False,0,0,0,0,0
12283,10709,30662,True,True,False,False,False,False,None,None,True,False,Left,False,0,0,0,0,0
12284,11189,30662,True,True,False,False,False,False,None,None,True,False,Left,False,0,0,0,0,0
12285,11699,30662,True,True,False,False,False,False,None,None,True,False,Left,False,0,0,0,0,0
12286,12179,30662,True,True,False,False,False,False,None,None,True,False,Left,False,0,0,0,0,0
14287,12809,30662,True,True,False,False,False,False,None,None,True,False,Left,False,0,0,0,0,0
14288,13289,30662,True,True,False,False,False,False,None,None,True,False,Left,False,0,0,0,0,0
12289,13799,30662,True,True,False,False,False,False,None,None,True,False,Left,False,0,0,0,0,0
12290,14279,30662,True,True,False,False,False,False,None,None,True,False,Left,False,0,0,0,0,0
12291,14909,30662,True,True,False,False,False,False,None,None,True,False,Left,False,0,0,0,0,0
12292,15389,30662,True,True,False,False,False,False,None,None,True,False,Left,False,0,0,0,0,0
14293,15899,30662,True,True,False,False,False,False,None,None,True,False,Left,False,0,0,0,0,0
13294,16139,30662,True,True,False,False,False,False,None,None,True,False,Left,False,0,0,0,0,0
12295,16379,30662,True,True,False,False,False,False,None,None,True,False,Left,False,0,0,0,0,0
12296,17009,30662,True,True,False,False,False,False,None,None,True,False,Left,False,0,0,0,0,0
12297,17489,30662,True,True,False,False,False,False,None,None,True,False,Left,False,0,0,0,0,0
12298,17999,30662,True,True,False,False,False,False,None,None,True,False,Left,False,0,0,0,0,0
12299,18479,30662,True,True,False,False,False,False,None,None,True,False,Left,False,0,0,0,0,0
14300,19109,30662,True,True,False,False,False,False,None,None,True,False,Left,False,0,0,0,0,0
14301,19589,30662,True,True,False,False,False,False,None,None,True,False,Left,False,0,0,0,0,0
12302,20069,30662,True,True,False,False,False,False,None,None,True,False,Left,False,0,0,0,0,0
12303,20579,30662,True,True,False,False,False,False,None,None,True,False,Left,False,0,0,0,0,0
12304,21209,30662,True,True,False,False,False,False,None,None,True,False,Left,False,0,0,0,0,0
12305,21689,30662,True,True,False,False,False,False,None,None,True,False,Left,False,0,0,0,0,0
14306,22169,30662,True,True,False,False,False,False,None,None,True,False,Left,False,0,0,0,0,0
13307,22679,30662,True,True,False,False,False,False,None,None,True,False,Left,False,0,0,0,0,0
10825,24039,31812,True,True,False,False,False,False,None,None,True,False,Left,False,0,0,0,0,0
10826,24039,34142,True,True,False,False,False,False,None,None,True,False,Left,False,0,0,0,0,0
10827,24039,37042,True,True,False,False,False,False,None,None,True,False,Left,False,0,0,0,0,0
10178,1919,22792,True,True,False,False,False,False,None,None,True,False,Left,False,0,0,0,0,0
12179,2249,22792,True,True,False,False,False,False,None,None,True,False,Left,False,0,0,0,0,0
12180,2729,22792,True,True,False,False,False,False,None,None,True,False,Left,False,0,0,0,0,0
12181,3239,22792,True,True,False,False,False,False,None,None,True,False,Left,False,0,0,0,0,0
12182,3659,22792,True,True,False,False,False,False,None,None,True,False,Left,False,0,0,0,0,0
14183,4259,22792,True,True,False,False,False,False,None,None,True,False,Left,False,0,0,0,0,0
14184,4769,22792,True,True,False,False,False,False,None,None,True,False,Left,False,0,0,0,0,0
12185,5339,22792,True,True,False,False,False,False,None,None,True,False,Left,False,0,0,0,0,0
12186,5819,22792,True,True,False,False,False,False,None,None,True,False,Left,False,0,0,0,0,0
12187,6449,22792,True,True,False,False,False,False,None,None,True,False,Left,False,0,0,0,0,0
12188,6929,22792,True,True,False,False,False,False,None,None,True,False,Left,False,0,0,0,0,0
12189,7439,22792,True,True,False,False,False,False,None,None,True,False,Left,False,0,0,0,0,0
12190,7919,22792,True,True,False,False,False,False,None,None,True,False,Left,False,0,0,0,0,0
12191,8549,22792,True,True,False,False,False,False,None,None,True,False,Left,False,0,0,0,0,0
12192,9029,22792,True,True,False,False,False,False,None,None,True,False,Left,False,0,0,0,0,0
12193,9539,22792,True,True,False,False,False,False,None,None,True,False,Left,False,0,0,0,0,0
12194,10019,22792,True,True,False,False,False,False,None,None,True,False,Left,False,0,0,0,0,0
13195,10379,22792,True,True,False,False,False,False,None,None,True,False,Left,False,0,0,0,0,0
13196,10889,22792,True,True,False,False,False,False,None,None,True,False,Left,False,0,0,0,0,0
12197,11639,22792,True,True,False,False,False,False,None,None,True,False,Left,False,0,0,0,0,0
12198,12119,22792,True,True,False,False,False,False,None,None,True,False,Left,False,0,0,0,0,0
12199,12749,22792,True,True,False,False,False,False,None,None,True,False,Left,False,0,0,0,0,0
12200,13229,22792,True,True,False,False,False,False,None,None,True,False,Left,False,0,0,0,0,0
12201,13739,22792,True,True,False,False,False,False,None,None,True,False,Left,False,0,0,0,0,0
12202,14219,22792,True,True,False,False,False,False,None,None,True,False,Left,False,0,0,0,0,0
12203,14849,22792,True,True,False,False,False,False,None,None,True,False,Left,False,0,0,0,0,0
12204,15329,22792,True,True,False,False,False,False,None,None,True,False,Left,False,0,0,0,0,0
12205,15839,22792,True,True,False,False,False,False,None,None,True,False,Left,False,0,0,0,0,0
13206,16559,22792,True,True,False,False,False,False,None,None,True,False,Left,False,0,0,0,0,0
13207,17069,22792,True,True,False,False,False,False,None,None,True,False,Left,False,0,0,0,0,0
10208,17279,22792,True,True,False,False,False,False,None,None,True,False,Left,False,0,0,0,0,0
10209,19159,22792,True,True,False,False,False,False,None,None,True,False,Left,False,0,0,0,0,0
12210,19699,22792,True,True,False,False,False,False,None,None,True,False,Left,False,0,0,0,0,0
12211,20179,22792,True,True,False,False,False,False,None,None,True,False,Left,False,0,0,0,0,0
12212,20689,22792,True,True,False,False,False,False,None,None,True,False,Left,False,0,0,0,0,0
12213,21169,22792,True,True,False,False,False,False,None,None,True,False,Left,False,0,0,0,0,0
13214,22609,22792,True,True,False,False,False,False,None,None,True,False,Left,False,0,0,0,0,0
13215,23119,22792,True,True,False,False,False,False,None,None,True,False,Left,False,0,0,0,0,0
10822,24039,24332,True,True,False,False,False,False,None,None,True,False,Left,False,0,0,0,0,0
10823,24039,27232,True,True,False,False,False,False,None,None,True,False,Left,False,0,0,0,0,0
10824,24039,29832,True,True,False,False,False,False,None,None,True,False,Left,False,0,0,0,0,0
10850,24829,27532,True,True,False,False,False,False,None,None,True,False,Left,False,0,0,0,0,0
10851,24829,24932,True,True,False,False,False,False,None,None,True,False,Left,False,0,0,0,0,0
11852,24829,23222,True,True,False,False,False,False,None,None,True,False,Left,False,0,0,0,0,0
11853,24829,21482,True,True,False,False,False,False,None,None,True,False,Left,False,0,0,0,0,0
10854,24829,20012,True,True,False,False,False,False,None,None,True,False,Left,False,0,0,0,0,0
10855,24829,17731,True,True,False,False,False,False,None,None,True,False,Left,False,0,0,0,0,0
10856,24829,14771,True,True,False,False,False,False,None,None,True,False,Left,False,0,0,0,0,0
11857,24829,12731,True,True,False,False,False,False,None,None,True,False,Left,False,0,0,0,0,0
10858,24829,10691,True,True,False,False,False,False,None,None,True,False,Left,False,0,0,0,0,0
10807,24829,8052,True,True,False,False,False,False,None,None,True,False,Left,False,0,0,0,0,0
10808,24829,5003,True,True,False,False,False,False,None,None,True,False,Left,False,0,0,0,0,0
10809,24829,3893,True,True,False,False,False,False,None,None,True,False,Left,False,0,0,0,0,0
10810,24829,0,True,True,False,False,False,False,None,None,True,False,Left,False,0,0,0,0,0
10811,24039,0,True,True,False,False,False,False,None,None,True,False,Left,False,0,0,0,0,0
10812,24039,480,True,True,False,False,False,False,None,None,True,False,Left,False,0,0,0,0,0
11813,24039,2280,True,True,False,False,False,False,None,None,True,False,Left,False,0,0,0,0,0
11814,24039,4080,True,True,False,False,False,False,None,None,True,False,Left,False,0,0,0,0,0
11815,24039,5880,True,True,False,False,False,False,None,None,True,False,Left,False,0,0,0,0,0
10816,24039,7920,True,True,False,False,False,False,None,None,True,False,Left,False,0,0,0,0,0
10817,24039,14000,True,True,False,False,False,False,None,None,True,False,Left,False,0,0,0,0,0
10818,24039,16000,True,True,False,False,False,False,None,None,True,False,Left,False,0,0,0,0,0
11819,24039,18000,True,True,False,False,False,False,None,None,True,False,Left,False,0,0,0,0,0
11820,24039,20000,True,True,False,False,False,False,None,None,True,False,Left,False,0,0,0,0,0
10821,24039,22000,True,True,False,False,False,False,None,None,True,False,Left,False,0,0,0,0,0
10880,22820,14000,True,True,False,False,False,False,None,None,True,False,Left,False,0,0,0,0,0
12141,21290,14000,True,True,False,False,False,False,None,None,True,False,Left,False,0,0,0,0,0
12142,20810,14000,True,True,False,False,False,False,None,None,True,False,Left,False,0,0,0,0,0
12143,20330,14000,True,True,False,False,False,False,None,None,True,False,Left,False,0,0,0,0,0
12144,19820,14000,True,True,False,False,False,False,None,None,True,False,Left,False,0,0,0,0,0
10145,19220,14000,True,True,False,False,False,False,None,None,True,False,Left,False,0,0,0,0,0
10146,17140,14000,True,True,False,False,False,False,None,None,True,False,Left,False,0,0,0,0,0
12147,16420,14000,True,True,False,False,False,False,None,None,True,False,Left,False,0,0,0,0,0
12148,15910,14000,True,True,False,False,False,False,None,None,True,False,Left,False,0,0,0,0,0
12149,15430,14000,True,True,False,False,False,False,None,None,True,False,Left,False,0,0,0,0,0
12150,14950,14000,True,True,False,False,False,False,None,None,True,False,Left,False,0,0,0,0,0
12151,14320,14000,True,True,False,False,False,False,None,None,True,False,Left,False,0,0,0,0,0
14152,13840,14000,True,True,False,False,False,False,None,None,True,False,Left,False,0,0,0,0,0
14153,13330,14000,True,True,False,False,False,False,None,None,True,False,Left,False,0,0,0,0,0
12154,12850,14000,True,True,False,False,False,False,None,None,True,False,Left,False,0,0,0,0,0
12155,12220,14000,True,True,False,False,False,False,None,None,True,False,Left,False,0,0,0,0,0
12156,11724,14000,True,True,False,False,False,False,None,None,True,False,Left,False,0,0,0,0,0
12157,11230,14000,True,True,False,False,False,False,None,None,True,False,Left,False,0,0,0,0,0
12158,10750,14000,True,True,False,False,False,False,None,None,True,False,Left,False,0,0,0,0,0
12159,10120,14000,True,True,False,False,False,False,None,None,True,False,Left,False,0,0,0,0,0
12160,9550,14000,True,True,False,False,False,False,None,None,True,False,Left,False,0,0,0,0,0
12161,9130,14000,True,True,False,False,False,False,None,None,True,False,Left,False,0,0,0,0,0
12162,8650,14000,True,True,False,False,False,False,None,None,True,False,Left,False,0,0,0,0,0
14163,8020,14000,True,True,False,False,False,False,None,None,True,False,Left,False,0,0,0,0,0
12164,7540,14000,True,True,False,False,False,False,None,None,True,False,Left,False,0,0,0,0,0
14165,7030,14000,True,True,False,False,False,False,None,None,True,False,Left,False,0,0,0,0,0
12166,6550,14000,True,True,False,False,False,False,None,None,True,False,Left,False,0,0,0,0,0
12167,5920,14000,True,True,False,False,False,False,None,None,True,False,Left,False,0,0,0,0,0
12168,5440,14000,True,True,False,False,False,False,None,None,True,False,Left,False,0,0,0,0,0
12169,4930,14000,True,True,False,False,False,False,None,None,True,False,Left,False,0,0,0,0,0
12170,4450,14000,True,True,False,False,False,False,None,None,True,False,Left,False,0,0,0,0,0
12171,3820,14000,True,True,False,False,False,False,None,None,True,False,Left,False,0,0,0,0,0
12172,3340,14000,True,True,False,False,False,False,None,None,True,False,Left,False,0,0,0,0,0
14173,3010,14000,True,True,False,False,False,False,None,None,True,False,Left,False,0,0,0,0,0
14174,2500,14000,True,True,False,False,False,False,None,None,True,False,Left,False,0,0,0,0,0
10001,26000,5032,True,True,False,False,False,False,None,None,True,False,Left,False,0,0,0,0,0
13002,26500,5032,True,True,False,False,False,False,None,None,True,False,Left,False,0,0,0,0,0
13003,27000,5032,True,True,False,False,False,False,None,None,True,False,Left,False,0,0,0,0,0
11004,27500,5032,True,True,False,False,False,False,None,None,True,False,Left,False,0,0,0,0,0
13005,28000,5032,True,True,False,False,False,False,None,None,True,False,Left,False,0,0,0,0,0
13006,28500,5032,True,True,False,False,False,False,None,None,True,False,Left,False,0,0,0,0,0
12007,29000,5032,True,True,False,False,False,False,None,None,True,False,Left,False,0,0,0,0,0
12008,29603,5032,True,True,False,False,False,False,None,None,True,False,Left,False,0,0,0,0,0
12009,30113,5032,True,True,False,False,False,False,None,None,True,False,Left,False,0,0,0,0,0
12010,30593,5032,True,True,False,False,False,False,None,None,True,False,Left,False,0,0,0,0,0
12011,31223,5032,True,True,False,False,False,False,None,None,True,False,Left,False,0,0,0,0,0
14012,31703,5032,True,True,False,False,False,False,None,None,True,False,Left,False,0,0,0,0,0
12013,32213,5032,True,True,False,False,False,False,None,None,True,False,Left,False,0,0,0,0,0
13014,32453,5032,True,True,False,False,False,False,None,None,True,False,Left,False,0,0,0,0,0
12015,32693,5032,True,True,False,False,False,False,None,None,True,False,Left,False,0,0,0,0,0
12016,33323,5032,True,True,False,False,False,False,None,None,True,False,Left,False,0,0,0,0,0
14017,33803,5032,True,True,False,False,False,False,None,None,True,False,Left,False,0,0,0,0,0
14018,34313,5032,True,True,False,False,False,False,None,None,True,False,Left,False,0,0,0,0,0
12019,34793,5032,True,True,False,False,False,False,None,None,True,False,Left,False,0,0,0,0,0
13020,36083,5032,True,True,False,False,False,False,None,None,True,False,Left,False,0,0,0,0,0
13021,36573,5032,True,True,False,False,False,False,None,None,True,False,Left,False,0,0,0,0,0
10022,36833,5032,True,True,False,False,False,False,None,None,True,False,Left,False,0,0,0,0,0
10023,37563,3822,True,True,False,False,False,False,None,None,True,False,Left,False,0,0,0,0,0
11024,37563,2892,True,True,False,False,False,False,None,None,True,False,Left,False,0,0,0,0,0
10025,37563,2022,True,True,False,False,False,False,None,None,True,False,Left,False,0,0,0,0,0
10026,36833,932,True,True,False,False,False,False,None,None,True,False,Left,False,0,0,0,0,0
11027,36500,932,True,True,False,False,False,False,None,None,True,False,Left,False,0,0,0,0,0
13028,36000,932,True,True,False,False,False,False,None,None,True,False,Left,False,0,0,0,0,0
14029,35500,932,True,True,False,False,False,False,None,None,True,False,Left,False,0,0,0,0,0
14030,35000,932,True,True,False,False,False,False,None,None,True,False,Left,False,0,0,0,0,0
12031,34500,932,True,True,False,False,False,False,None,None,True,False,Left,False,0,0,0,0,0
12032,34000,932,True,True,False,False,False,False,None,None,True,False,Left,False,0,0,0,0,0
12033,33500,932,True,True,False,False,False,False,None,None,True,False,Left,False,0,0,0,0,0
14034,33000,932,True,True,False,False,False,False,None,None,True,False,Left,False,0,0,0,0,0
12035,32500,932,True,True,False,False,False,False,None,None,True,False,Left,False,0,0,0,0,0
14036,32000,932,True,True,False,False,False,False,None,None,True,False,Left,False,0,0,0,0,0
12037,31500,932,True,True,False,False,False,False,None,None,True,False,Left,False,0,0,0,0,0
12038,31000,932,True,True,False,False,False,False,None,None,True,False,Left,False,0,0,0,0,0
12039,30500,932,True,True,False,False,False,False,None,None,True,False,Left,False,0,0,0,0,0
12040,30000,932,True,True,False,False,False,False,None,None,True,False,Left,False,0,0,0,0,0
12041,29500,932,True,True,False,False,False,False,None,None,True,False,Left,False,0,0,0,0,0
13042,29000,932,True,True,False,False,False,False,None,None,True,False,Left,False,0,0,0,0,0
13043,28500,932,True,True,False,False,False,False,None,None,True,False,Left,False,0,0,0,0,0
12044,28000,932,True,True,False,False,False,False,None,None,True,False,Left,False,0,0,0,0,0
12045,27500,932,True,True,False,False,False,False,None,None,True,False,Left,False,0,0,0,0,0
13046,27000,932,True,True,False,False,False,False,None,None,True,False,Left,False,0,0,0,0,0
13047,26500,932,True,True,False,False,False,False,None,None,True,False,Left,False,0,0,0,0,0
12048,26000,932,True,True,False,False,False,False,None,None,True,False,Left,False,0,0,0,0,0
10049,25500,2622,True,True,False,False,False,False,None,None,True,False,Left,False,0,0,0,0,0
10050,25500,3672,True,True,False,False,False,False,None,None,True,False,Left,False,0,0,0,0,0
10859,25629,10751,True,True,False,False,False,False,None,None,True,False,Left,False,0,0,0,0,0
10860,25629,13111,True,True,False,False,False,False,None,None,True,False,Left,False,0,0,0,0,0
10861,25629,15372,True,True,False,False,False,False,None,None,True,False,Left,False,0,0,0,0,0
10862,25629,17545,True,True,False,False,False,False,None,None,True,False,Left,False,0,0,0,0,0
10863,25629,20457,True,True,False,False,False,False,None,None,True,False,Left,False,0,0,0,0,0
10864,25629,22841,True,True,False,False,False,False,None,None,True,False,Left,False,0,0,0,0,0
10865,25629,25316,True,True,False,False,False,False,None,None,True,False,Left,False,0,0,0,0,0
10866,25629,28576,True,True,False,False,False,False,None,None,True,False,Left,False,0,0,0,0,0
10867,25629,30166,True,True,False,False,False,False,None,None,True,False,Left,False,0,0,0,0,0
10868,25629,32540,True,True,False,False,False,False,None,None,True,False,Left,False,0,0,0,0,0
10869,25629,35608,True,True,False,False,False,False,None,None,True,False,Left,False,0,0,0,0,0
10870,25629,37653,True,True,False,False,False,False,None,None,True,False,Left,False,0,0,0,0,0
10871,25629,39893,True,True,False,False,False,False,None,None,True,False,Left,False,0,0,0,0,0
10872,25629,42281,True,True,False,False,False,False,None,None,True,False,Left,False,0,0,0,0,0
10873,25629,43921,True,True,False,False,False,False,None,None,True,False,Left,False,0,0,0,0,0
10874,25629,47271,True,True,False,False,False,False,None,None,True,False,Left,False,0,0,0,0,0
10875,25629,49118,True,True,False,False,False,False,None,None,True,False,Left,False,0,0,0,0,0
10876,25629,50768,True,True,False,False,False,False,None,None,True,False,Left,False,0,0,0,0,0
10877,25629,52568,True,True,False,False,False,False,None,None,True,False,Left,False,0,0,0,0,0
10878,25629,53908,True,True,False,False,False,False,None,None,True,False,Left,False,0,0,0,0,0
10838,24829,53338,True,True,False,False,False,False,None,None,True,False,Left,False,0,0,0,0,0
11839,24829,51838,True,True,False,False,False,False,None,None,True,False,Left,False,0,0,0,0,0
11840,24829,50338,True,True,False,False,False,False,None,None,True,False,Left,False,0,0,0,0,0
11841,24829,48838,True,True,False,False,False,False,None,None,True,False,Left,False,0,0,0,0,0
10842,24829,45778,True,True,False,False,False,False,None,None,True,False,Left,False,0,0,0,0,0
10843,24829,42728,True,True,False,False,False,False,None,None,True,False,Left,False,0,0,0,0,0
11844,24829,40450,True,True,False,False,False,False,None,None,True,False,Left,False,0,0,0,0,0
10845,24829,38500,True,True,False,False,False,False,None,None,True,False,Left,False,0,0,0,0,0
10846,24829,35824,True,True,False,False,False,False,None,None,True,False,Left,False,0,0,0,0,0
10847,24829,32744,True,True,False,False,False,False,None,None,True,False,Left,False,0,0,0,0,0
11848,24829,30644,True,True,False,False,False,False,None,None,True,False,Left,False,0,0,0,0,0
10849,24829,28574,True,True,False,False,False,False,None,None,True,False,Left,False,0,0,0,0,0
10718,27109,48601,True,True,False,False,False,False,None,None,True,False,Left,False,0,0,0,0,0
19000,28609,48601,True,True,False,False,False,False,None,None,True,False,Left,False,0,0,0,0,0
10719,30359,49451,True,True,False,False,False,False,None,None,True,False,Left,False,0,0,0,0,0
12722,27289,40953,True,True,False,False,False,False,None,None,True,False,Left,False,0,0,0,0,0
12723,27769,40953,True,True,False,False,False,False,None,None,True,False,Left,False,0,0,0,0,0
12724,28249,40953,True,True,False,False,False,False,None,None,True,False,Left,False,0,0,0,0,0
12725,28759,40953,True,True,False,False,False,False,None,None,True,False,Left,False,0,0,0,0,0
12726,29389,40953,True,True,False,False,False,False,None,None,True,False,Left,False,0,0,0,0,0
12727,29869,40953,True,True,False,False,False,False,None,None,True,False,Left,False,0,0,0,0,0
12728,30349,40953,True,True,False,False,False,False,None,None,True,False,Left,False,0,0,0,0,0
12729,30859,40953,True,True,False,False,False,False,None,None,True,False,Left,False,0,0,0,0,0
13730,31489,40953,True,True,False,False,False,False,None,None,True,False,Left,False,0,0,0,0,0
12731,31999,40953,True,True,False,False,False,False,None,None,True,False,Left,False,0,0,0,0,0
12732,32479,40953,True,True,False,False,False,False,None,None,True,False,Left,False,0,0,0,0,0
14733,32929,40953,True,True,False,False,False,False,None,None,True,False,Left,False,0,0,0,0,0
12734,33589,40953,True,True,False,False,False,False,None,None,True,False,Left,False,0,0,0,0,0
12735,34069,40953,True,True,False,False,False,False,None,None,True,False,Left,False,0,0,0,0,0
12736,34579,40953,True,True,False,False,False,False,None,None,True,False,Left,False,0,0,0,0,0
14737,35059,40953,True,True,False,False,False,False,None,None,True,False,Left,False,0,0,0,0,0
12738,35689,40953,True,True,False,False,False,False,None,None,True,False,Left,False,0,0,0,0,0
14739,36169,40953,True,True,False,False,False,False,None,None,True,False,Left,False,0,0,0,0,0
12740,36649,40953,True,True,False,False,False,False,None,None,True,False,Left,False,0,0,0,0,0
12741,37159,40953,True,True,False,False,False,False,None,None,True,False,Left,False,0,0,0,0,0
12742,37789,40953,True,True,False,False,False,False,None,None,True,False,Left,False,0,0,0,0,0
13743,38269,40953,True,True,False,False,False,False,None,None,True,False,Left,False,0,0,0,0,0
12744,38779,40953,True,True,False,False,False,False,None,None,True,False,Left,False,0,0,0,0,0
12745,39259,40953,True,True,False,False,False,False,None,None,True,False,Left,False,0,0,0,0,0
14746,39529,40953,True,True,False,False,False,False,None,None,True,False,Left,False,0,0,0,0,0
12747,39769,40953,True,True,False,False,False,False,None,None,True,False,Left,False,0,0,0,0,0
12748,40009,40953,True,True,False,False,False,False,None,None,True,False,Left,False,0,0,0,0,0
14749,40489,40953,True,True,False,False,False,False,None,None,True,False,Left,False,0,0,0,0,0
12750,40909,40953,True,True,False,False,False,False,None,None,True,False,Left,False,0,0,0,0,0
12751,41539,40953,True,True,False,False,False,False,None,None,True,False,Left,False,0,0,0,0,0
14752,41869,40953,True,True,False,False,False,False,None,None,True,False,Left,False,0,0,0,0,0
12753,42529,40953,True,True,False,False,False,False,None,None,True,False,Left,False,0,0,0,0,0
12754,43009,40953,True,True,False,False,False,False,None,None,True,False,Left,False,0,0,0,0,0
14755,43849,40953,True,True,False,False,False,False,None,None,True,False,Left,False,0,0,0,0,0
12756,44119,40953,True,True,False,False,False,False,None,None,True,False,Left,False,0,0,0,0,0
12757,44629,40953,True,True,False,False,False,False,None,None,True,False,Left,False,0,0,0,0,0
14758,45229,40953,True,True,False,False,False,False,None,None,True,False,Left,False,0,0,0,0,0
12759,45739,40953,True,True,False,False,False,False,None,None,True,False,Left,False,0,0,0,0,0
12760,46219,40953,True,True,False,False,False,False,None,None,True,False,Left,False,0,0,0,0,0
12761,46729,40953,True,True,False,False,False,False,None,None,True,False,Left,False,0,0,0,0,0
14762,47119,40953,True,True,False,False,False,False,None,None,True,False,Left,False,0,0,0,0,0
14763,47719,40953,True,True,False,False,False,False,None,None,True,False,Left,False,0,0,0,0,0
10764,48959,41983,True,True,False,False,False,False,None,None,True,False,Left,False,0,0,0,0,0
10216,18339,21222,True,True,False,False,False,False,None,None,True,False,Left,False,0,0,0,0,0
11217,18339,19512,True,True,False,False,False,False,None,None,True,False,Left,False,0,0,0,0,0
11218,18339,17802,True,True,False,False,False,False,None,None,True,False,Left,False,0,0,0,0,0
10219,18339,16392,True,True,False,False,False,False,None,None,True,False,Left,False,0,0,0,0,0
10098,1919,12012,True,True,False,False,False,False,None,None,True,False,Left,False,0,0,0,0,0
12099,2309,12012,True,True,False,False,False,False,None,None,True,False,Left,False,0,0,0,0,0
12100,2819,12012,True,True,False,False,False,False,None,None,True,False,Left,False,0,0,0,0,0
12101,3299,12012,True,True,False,False,False,False,None,None,True,False,Left,False,0,0,0,0,0
12102,3779,12012,True,True,False,False,False,False,None,None,True,False,Left,False,0,0,0,0,0
12103,4409,12012,True,True,False,False,False,False,None,None,True,False,Left,False,0,0,0,0,0
14104,4889,12012,True,True,False,False,False,False,None,None,True,False,Left,False,0,0,0,0,0
14105,5399,12012,True,True,False,False,False,False,None,None,True,False,Left,False,0,0,0,0,0
12106,5879,12012,True,True,False,False,False,False,None,None,True,False,Left,False,0,0,0,0,0
12107,6509,12012,True,True,False,False,False,False,None,None,True,False,Left,False,0,0,0,0,0
12108,7019,12012,True,True,False,False,False,False,None,None,True,False,Left,False,0,0,0,0,0
12109,7499,12012,True,True,False,False,False,False,None,None,True,False,Left,False,0,0,0,0,0
12110,7979,12012,True,True,False,False,False,False,None,None,True,False,Left,False,0,0,0,0,0
12111,8609,12012,True,True,False,False,False,False,None,None,True,False,Left,False,0,0,0,0,0
12112,9119,12012,True,True,False,False,False,False,None,None,True,False,Left,False,0,0,0,0,0
12113,9599,12012,True,True,False,False,False,False,None,None,True,False,Left,False,0,0,0,0,0
12114,10109,12012,True,True,False,False,False,False,None,None,True,False,Left,False,0,0,0,0,0
12115,10709,12012,True,True,False,False,False,False,None,None,True,False,Left,False,0,0,0,0,0
14116,11069,12012,True,True,False,False,False,False,None,None,True,False,Left,False,0,0,0,0,0
14117,11579,12012,True,True,False,False,False,False,None,None,True,False,Left,False,0,0,0,0,0
12118,12179,12012,True,True,False,False,False,False,None,None,True,False,Left,False,0,0,0,0,0
12119,12839,12012,True,True,False,False,False,False,None,None,True,False,Left,False,0,0,0,0,0
12120,13319,12012,True,True,False,False,False,False,None,None,True,False,Left,False,0,0,0,0,0
12121,13799,12012,True,True,False,False,False,False,None,None,True,False,Left,False,0,0,0,0,0
12122,14309,12012,True,True,False,False,False,False,None,None,True,False,Left,False,0,0,0,0,0
12123,14939,12012,True,True,False,False,False,False,None,None,True,False,Left,False,0,0,0,0,0
12124,15419,12012,True,True,False,False,False,False,None,None,True,False,Left,False,0,0,0,0,0
12125,15899,12012,True,True,False,False,False,False,None,None,True,False,Left,False,0,0,0,0,0
14126,16409,12012,True,True,False,False,False,False,None,None,True,False,Left,False,0,0,0,0,0
11127,16799,12012,True,True,False,False,False,False,None,None,True,False,Left,False,0,0,0,0,0
10128,17159,12012,True,True,False,False,False,False,None,None,True,False,Left,False,0,0,0,0,0
10129,19609,12012,True,True,False,False,False,False,None,None,True,False,Left,False,0,0,0,0,0
12130,20179,12012,True,True,False,False,False,False,None,None,True,False,Left,False,0,0,0,0,0
12131,20659,12012,True,True,False,False,False,False,None,None,True,False,Left,False,0,0,0,0,0
12132,21169,12012,True,True,False,False,False,False,None,None,True,False,Left,False,0,0,0,0,0
12133,21799,12012,True,True,False,False,False,False,None,None,True,False,Left,False,0,0,0,0,0
13134,22549,12012,True,True,False,False,False,False,None,None,True,False,Left,False,0,0,0,0,0
13135,23059,12012,True,True,False,False,False,False,None,None,True,False,Left,False,0,0,0,0,0
10136,18699,10442,True,True,False,False,False,False,None,None,True,False,Left,False,0,0,0,0,0
11137,18699,8942,True,True,False,False,False,False,None,None,True,False,Left,False,0,0,0,0,0
11138,18699,7442,True,True,False,False,False,False,None,None,True,False,Left,False,0,0,0,0,0
11139,18699,5942,True,True,False,False,False,False,None,None,True,False,Left,False,0,0,0,0,0
10140,18699,3452,True,True,False,False,False,False,None,None,True,False,Left,False,0,0,0,0,0
10060,17399,2032,True,True,False,False,False,False,None,None,True,False,Left,False,0,0,0,0,0
12061,17129,2032,True,True,False,False,False,False,None,None,True,False,Left,False,0,0,0,0,0
12062,16649,2032,True,True,False,False,False,False,None,None,True,False,Left,False,0,0,0,0,0
12063,16169,2032,True,True,False,False,False,False,None,None,True,False,Left,False,0,0,0,0,0
12064,15659,2032,True,True,False,False,False,False,None,None,True,False,Left,False,0,0,0,0,0
14065,15029,2032,True,True,False,False,False,False,None,None,True,False,Left,False,0,0,0,0,0
14066,14549,2032,True,True,False,False,False,False,None,None,True,False,Left,False,0,0,0,0,0
12067,14069,2032,True,True,False,False,False,False,None,None,True,False,Left,False,0,0,0,0,0
12068,13559,2032,True,True,False,False,False,False,None,None,True,False,Left,False,0,0,0,0,0
12069,12929,2032,True,True,False,False,False,False,None,None,True,False,Left,False,0,0,0,0,0
12070,12449,2032,True,True,False,False,False,False,None,None,True,False,Left,False,0,0,0,0,0
12071,11969,2032,True,True,False,False,False,False,None,None,True,False,Left,False,0,0,0,0,0
12072,11459,2032,True,True,False,False,False,False,None,None,True,False,Left,False,0,0,0,0,0
12073,10829,2032,True,True,False,False,False,False,None,None,True,False,Left,False,0,0,0,0,0
12074,10349,2032,True,True,False,False,False,False,None,None,True,False,Left,False,0,0,0,0,0
12075,9869,2032,True,True,False,False,False,False,None,None,True,False,Left,False,0,0,0,0,0
12076,9359,2032,True,True,False,False,False,False,None,None,True,False,Left,False,0,0,0,0,0
14077,8849,2032,True,True,False,False,False,False,None,None,True,False,Left,False,0,0,0,0,0
14078,8339,2032,True,True,False,False,False,False,None,None,True,False,Left,False,0,0,0,0,0
12079,7769,2032,True,True,False,False,False,False,None,None,True,False,Left,False,0,0,0,0,0
12080,7259,2032,True,True,False,False,False,False,None,None,True,False,Left,False,0,0,0,0,0
12081,6629,2032,True,True,False,False,False,False,None,None,True,False,Left,False,0,0,0,0,0
12082,6149,2032,True,True,False,False,False,False,None,None,True,False,Left,False,0,0,0,0,0
12083,5669,2032,True,True,False,False,False,False,None,None,True,False,Left,False,0,0,0,0,0
12084,5159,2032,True,True,False,False,False,False,None,None,True,False,Left,False,0,0,0,0,0
12085,4529,2032,True,True,False,False,False,False,None,None,True,False,Left,False,0,0,0,0,0
12086,4049,2032,True,True,False,False,False,False,None,None,True,False,Left,False,0,0,0,0,0
12087,3569,2032,True,True,False,False,False,False,None,None,True,False,Left,False,0,0,0,0,0
12088,3059,2032,True,True,False,False,False,False,None,None,True,False,Left,False,0,0,0,0,0
13089,2669,2032,True,True,False,False,False,False,None,None,True,False,Left,False,0,0,0,0,0
13090,2159,2032,True,True,False,False,False,False,None,None,True,False,Left,False,0,0,0,0,0
10837,24839,57362,True,True,False,False,False,False,None,None,True,False,Left,False,0,0,0,0,0
10553,21209,49612,True,True,False,False,False,False,None,None,True,False,Left,False,0,0,0,0,0
11554,20699,49612,True,True,False,False,False,False,None,None,True,False,Left,False,0,0,0,0,0
13555,19739,49612,True,True,False,False,False,False,None,None,True,False,Left,False,0,0,0,0,0
12556,19439,49612,True,True,False,False,False,False,None,None,True,False,Left,False,0,0,0,0,0
12557,18929,49612,True,True,False,False,False,False,None,None,True,False,Left,False,0,0,0,0,0
12558,18449,49612,True,True,False,False,False,False,None,None,True,False,Left,False,0,0,0,0,0
14559,17819,49612,True,True,False,False,False,False,None,None,True,False,Left,False,0,0,0,0,0
12560,17339,49612,True,True,False,False,False,False,None,None,True,False,Left,False,0,0,0,0,0
12561,16829,49612,True,True,False,False,False,False,None,None,True,False,Left,False,0,0,0,0,0
12562,16349,49612,True,True,False,False,False,False,None,None,True,False,Left,False,0,0,0,0,0
14563,15749,49612,True,True,False,False,False,False,None,None,True,False,Left,False,0,0,0,0,0
12564,15239,49612,True,True,False,False,False,False,None,None,True,False,Left,False,0,0,0,0,0
12565,14729,49612,True,True,False,False,False,False,None,None,True,False,Left,False,0,0,0,0,0
12566,14249,49612,True,True,False,False,False,False,None,None,True,False,Left,False,0,0,0,0,0
14567,13769,49612,True,True,False,False,False,False,None,None,True,False,Left,False,0,0,0,0,0
12568,13139,49612,True,True,False,False,False,False,None,None,True,False,Left,False,0,0,0,0,0
12569,12659,49612,True,True,False,False,False,False,None,None,True,False,Left,False,0,0,0,0,0
12570,12149,49612,True,True,False,False,False,False,None,None,True,False,Left,False,0,0,0,0,0
14571,11609,49612,True,True,False,False,False,False,None,None,True,False,Left,False,0,0,0,0,0
12572,11039,49612,True,True,False,False,False,False,None,None,True,False,Left,False,0,0,0,0,0
12573,10559,49612,True,True,False,False,False,False,None,None,True,False,Left,False,0,0,0,0,0
12574,10059,49612,True,True,False,False,False,False,None,None,True,False,Left,False,0,0,0,0,0
14575,9419,49612,True,True,False,False,False,False,None,None,True,False,Left,False,0,0,0,0,0
12576,8939,49612,True,True,False,False,False,False,None,None,True,False,Left,False,0,0,0,0,0
12577,8429,49612,True,True,False,False,False,False,None,None,True,False,Left,False,0,0,0,0,0
12578,7949,49612,True,True,False,False,False,False,None,None,True,False,Left,False,0,0,0,0,0
14579,7319,49612,True,True,False,False,False,False,None,None,True,False,Left,False,0,0,0,0,0
12580,6809,49612,True,True,False,False,False,False,None,None,True,False,Left,False,0,0,0,0,0
12581,6339,49612,True,True,False,False,False,False,None,None,True,False,Left,False,0,0,0,0,0
12582,5849,49612,True,True,False,False,False,False,None,None,True,False,Left,False,0,0,0,0,0
14583,5219,49612,True,True,False,False,False,False,None,None,True,False,Left,False,0,0,0,0,0
12584,4709,49612,True,True,False,False,False,False,None,None,True,False,Left,False,0,0,0,0,0
12585,4229,49612,True,True,False,False,False,False,None,None,True,False,Left,False,0,0,0,0,0
12586,3749,49612,True,True,False,False,False,False,None,None,True,False,Left,False,0,0,0,0,0
14587,3119,49612,True,True,False,False,False,False,None,None,True,False,Left,False,0,0,0,0,0
12588,2609,49612,True,True,False,False,False,False,None,None,True,False,Left,False,0,0,0,0,0
12589,2129,49612,True,True,False,False,False,False,None,None,True,False,Left,False,0,0,0,0,0
10590,1649,49612,True,True,False,False,False,False,None,None,True,False,Left,False,0,0,0,0,0
10634,22359,55196,True,True,False,False,False,False,None,None,True,False,Left,False,0,0,0,0,0
12635,22029,55196,True,True,False,False,False,False,None,None,True,False,Left,False,0,0,0,0,0
12636,21549,55196,True,True,False,False,False,False,None,None,True,False,Left,False,0,0,0,0,0
12637,21039,55196,True,True,False,False,False,False,None,None,True,False,Left,False,0,0,0,0,0
12638,20559,55196,True,True,False,False,False,False,None,None,True,False,Left,False,0,0,0,0,0
12639,19929,55196,True,True,False,False,False,False,None,None,True,False,Left,False,0,0,0,0,0
12640,19449,55196,True,True,False,False,False,False,None,None,True,False,Left,False,0,0,0,0,0
12641,18939,55196,True,True,False,False,False,False,None,None,True,False,Left,False,0,0,0,0,0
12642,18459,55196,True,True,False,False,False,False,None,None,True,False,Left,False,0,0,0,0,0
12643,17829,55196,True,True,False,False,False,False,None,None,True,False,Left,False,0,0,0,0,0
12644,17349,55196,True,True,False,False,False,False,None,None,True,False,Left,False,0,0,0,0,0
12645,16869,55196,True,True,False,False,False,False,None,None,True,False,Left,False,0,0,0,0,0
12646,16299,55196,True,True,False,False,False,False,None,None,True,False,Left,False,0,0,0,0,0
12647,15759,55196,True,True,False,False,False,False,None,None,True,False,Left,False,0,0,0,0,0
12648,15249,55196,True,True,False,False,False,False,None,None,True,False,Left,False,0,0,0,0,0
12649,14769,55196,True,True,False,False,False,False,None,None,True,False,Left,False,0,0,0,0,0
12650,14259,55196,True,True,False,False,False,False,None,None,True,False,Left,False,0,0,0,0,0
12651,13629,55196,True,True,False,False,False,False,None,None,True,False,Left,False,0,0,0,0,0
12652,13149,55196,True,True,False,False,False,False,None,None,True,False,Left,False,0,0,0,0,0
12653,12699,55196,True,True,False,False,False,False,None,None,True,False,Left,False,0,0,0,0,0
12654,12159,55196,True,True,False,False,False,False,None,None,True,False,Left,False,0,0,0,0,0
12655,11529,55196,True,True,False,False,False,False,None,None,True,False,Left,False,0,0,0,0,0
12656,11049,55196,True,True,False,False,False,False,None,None,True,False,Left,False,0,0,0,0,0
12657,10569,55196,True,True,False,False,False,False,None,None,True,False,Left,False,0,0,0,0,0
12658,10059,55196,True,True,False,False,False,False,None,None,True,False,Left,False,0,0,0,0,0
12659,9429,55196,True,True,False,False,False,False,None,None,True,False,Left,False,0,0,0,0,0
12660,8949,55196,True,True,False,False,False,False,None,None,True,False,Left,False,0,0,0,0,0
12661,8439,55196,True,True,False,False,False,False,None,None,True,False,Left,False,0,0,0,0,0
12662,7959,55196,True,True,False,False,False,False,None,None,True,False,Left,False,0,0,0,0,0
12663,7329,55196,True,True,False,False,False,False,None,None,True,False,Left,False,0,0,0,0,0
12664,6849,55196,True,True,False,False,False,False,None,None,True,False,Left,False,0,0,0,0,0
12665,6339,55196,True,True,False,False,False,False,None,None,True,False,Left,False,0,0,0,0,0
12666,5859,55196,True,True,False,False,False,False,None,None,True,False,Left,False,0,0,0,0,0
12667,5219,55196,True,True,False,False,False,False,None,None,True,False,Left,False,0,0,0,0,0
12668,4749,55196,True,True,False,False,False,False,None,None,True,False,Left,False,0,0,0,0,0
12669,4239,55196,True,True,False,False,False,False,None,None,True,False,Left,False,0,0,0,0,0
12670,3759,55196,True,True,False,False,False,False,None,None,True,False,Left,False,0,0,0,0,0
12671,3129,55196,True,True,False,False,False,False,None,None,True,False,Left,False,0,0,0,0,0
12672,2649,55196,True,True,False,False,False,False,None,None,True,False,Left,False,0,0,0,0,0
12673,2139,55196,True,True,False,False,False,False,None,None,True,False,Left,False,0,0,0,0,0
10674,1869,55196,True,True,False,False,False,False,None,None,True,False,Left,False,0,0,0,0,0
10472,22269,45756,True,True,False,False,False,False,None,None,True,False,Left,False,0,0,0,0,0
12473,21849,45756,True,True,False,False,False,False,None,None,True,False,Left,False,0,0,0,0,0
12474,21339,45756,True,True,False,False,False,False,None,None,True,False,Left,False,0,0,0,0,0
12475,20859,45756,True,True,False,False,False,False,None,None,True,False,Left,False,0,0,0,0,0
12476,20379,45756,True,True,False,False,False,False,None,None,True,False,Left,False,0,0,0,0,0
12477,19749,45756,True,True,False,False,False,False,None,None,True,False,Left,False,0,0,0,0,0
12478,19239,45756,True,True,False,False,False,False,None,None,True,False,Left,False,0,0,0,0,0
12479,18759,45756,True,True,False,False,False,False,None,None,True,False,Left,False,0,0,0,0,0
12480,18279,45756,True,True,False,False,False,False,None,None,True,False,Left,False,0,0,0,0,0
12481,17649,45756,True,True,False,False,False,False,None,None,True,False,Left,False,0,0,0,0,0
12482,17139,45756,True,True,False,False,False,False,None,None,True,False,Left,False,0,0,0,0,0
12483,16659,45756,True,True,False,False,False,False,None,None,True,False,Left,False,0,0,0,0,0
12484,16179,45756,True,True,False,False,False,False,None,None,True,False,Left,False,0,0,0,0,0
12485,15549,45756,True,True,False,False,False,False,None,None,True,False,Left,False,0,0,0,0,0
12486,15039,45756,True,True,False,False,False,False,None,None,True,False,Left,False,0,0,0,0,0
12487,14559,45756,True,True,False,False,False,False,None,None,True,False,Left,False,0,0,0,0,0
12488,14079,45756,True,True,False,False,False,False,None,None,True,False,Left,False,0,0,0,0,0
12489,13449,45756,True,True,False,False,False,False,None,None,True,False,Left,False,0,0,0,0,0
12490,12939,45756,True,True,False,False,False,False,None,None,True,False,Left,False,0,0,0,0,0
12491,12459,45756,True,True,False,False,False,False,None,None,True,False,Left,False,0,0,0,0,0
12492,11979,45756,True,True,False,False,False,False,None,None,True,False,Left,False,0,0,0,0,0
12493,11349,45756,True,True,False,False,False,False,None,None,True,False,Left,False,0,0,0,0,0
12494,10839,45756,True,True,False,False,False,False,None,None,True,False,Left,False,0,0,0,0,0
12495,10359,45756,True,True,False,False,False,False,None,None,True,False,Left,False,0,0,0,0,0
12496,9879,45756,True,True,False,False,False,False,None,None,True,False,Left,False,0,0,0,0,0
12497,9249,45756,True,True,False,False,False,False,None,None,True,False,Left,False,0,0,0,0,0
12498,8739,45756,True,True,False,False,False,False,None,None,True,False,Left,False,0,0,0,0,0
12499,8259,45756,True,True,False,False,False,False,None,None,True,False,Left,False,0,0,0,0,0
12500,7779,45756,True,True,False,False,False,False,None,None,True,False,Left,False,0,0,0,0,0
12501,7149,45756,True,True,False,False,False,False,None,None,True,False,Left,False,0,0,0,0,0
12502,6639,45756,True,True,False,False,False,False,None,None,True,False,Left,False,0,0,0,0,0
12503,6159,45756,True,True,False,False,False,False,None,None,True,False,Left,False,0,0,0,0,0
12504,5679,45756,True,True,False,False,False,False,None,None,True,False,Left,False,0,0,0,0,0
12505,5049,45756,True,True,False,False,False,False,None,None,True,False,Left,False,0,0,0,0,0
12506,4539,45756,True,True,False,False,False,False,None,None,True,False,Left,False,0,0,0,0,0
12507,4059,45756,True,True,False,False,False,False,None,None,True,False,Left,False,0,0,0,0,0
12508,3579,45756,True,True,False,False,False,False,None,None,True,False,Left,False,0,0,0,0,0
12509,2949,45756,True,True,False,False,False,False,None,None,True,False,Left,False,0,0,0,0,0
12510,2439,45756,True,True,False,False,False,False,None,None,True,False,Left,False,0,0,0,0,0
12511,1959,45756,True,True,False,False,False,False,None,None,True,False,Left,False,0,0,0,0,0
12512,1479,45756,True,True,False,False,False,False,None,None,True,False,Left,False,0,0,0,0,0
10308,21959,32992,True,True,False,False,False,False,None,None,True,False,Left,False,0,0,0,0,0
12309,21539,32992,True,True,False,False,False,False,None,None,True,False,Left,False,0,0,0,0,0
12310,21029,32992,True,True,False,False,False,False,None,None,True,False,Left,False,0,0,0,0,0
12311,20549,32992,True,True,False,False,False,False,None,None,True,False,Left,False,0,0,0,0,0
12312,20069,32992,True,True,False,False,False,False,None,None,True,False,Left,False,0,0,0,0,0
12313,19439,32992,True,True,False,False,False,False,None,None,True,False,Left,False,0,0,0,0,0
12314,18959,32992,True,True,False,False,False,False,None,None,True,False,Left,False,0,0,0,0,0
14315,18449,32992,True,True,False,False,False,False,None,None,True,False,Left,False,0,0,0,0,0
14316,17969,32992,True,True,False,False,False,False,None,None,True,False,Left,False,0,0,0,0,0
12317,17339,32992,True,True,False,False,False,False,None,None,True,False,Left,False,0,0,0,0,0
12318,16859,32992,True,True,False,False,False,False,None,None,True,False,Left,False,0,0,0,0,0
12319,16349,32992,True,True,False,False,False,False,None,None,True,False,Left,False,0,0,0,0,0
12320,15869,32992,True,True,False,False,False,False,None,None,True,False,Left,False,0,0,0,0,0
14321,15239,32992,True,True,False,False,False,False,None,None,True,False,Left,False,0,0,0,0,0
14322,14759,32992,True,True,False,False,False,False,None,None,True,False,Left,False,0,0,0,0,0
12323,14249,32992,True,True,False,False,False,False,None,None,True,False,Left,False,0,0,0,0,0
12324,13769,32992,True,True,False,False,False,False,None,None,True,False,Left,False,0,0,0,0,0
12325,13139,32992,True,True,False,False,False,False,None,None,True,False,Left,False,0,0,0,0,0
12326,12659,32992,True,True,False,False,False,False,None,None,True,False,Left,False,0,0,0,0,0
14327,12149,32992,True,True,False,False,False,False,None,None,True,False,Left,False,0,0,0,0,0
13328,11669,32992,True,True,False,False,False,False,None,None,True,False,Left,False,0,0,0,0,0
12329,11039,32992,True,True,False,False,False,False,None,None,True,False,Left,False,0,0,0,0,0
12330,10559,32992,True,True,False,False,False,False,None,None,True,False,Left,False,0,0,0,0,0
12331,10079,32992,True,True,False,False,False,False,None,None,True,False,Left,False,0,0,0,0,0
12332,9569,32992,True,True,False,False,False,False,None,None,True,False,Left,False,0,0,0,0,0
12333,8969,32992,True,True,False,False,False,False,None,None,True,False,Left,False,0,0,0,0,0
14334,8549,32992,True,True,False,False,False,False,None,None,True,False,Left,False,0,0,0,0,0
14335,7979,32992,True,True,False,False,False,False,None,None,True,False,Left,False,0,0,0,0,0
12336,7469,32992,True,True,False,False,False,False,None,None,True,False,Left,False,0,0,0,0,0
12337,6839,32992,True,True,False,False,False,False,None,None,True,False,Left,False,0,0,0,0,0
12338,6359,32992,True,True,False,False,False,False,None,None,True,False,Left,False,0,0,0,0,0
12339,5849,32992,True,True,False,False,False,False,None,None,True,False,Left,False,0,0,0,0,0
14340,5249,32992,True,True,False,False,False,False,None,None,True,False,Left,False,0,0,0,0,0
14341,4679,32992,True,True,False,False,False,False,None,None,True,False,Left,False,0,0,0,0,0
12342,4259,32992,True,True,False,False,False,False,None,None,True,False,Left,False,0,0,0,0,0
12343,3779,32992,True,True,False,False,False,False,None,None,True,False,Left,False,0,0,0,0,0
12344,3299,32992,True,True,False,False,False,False,None,None,True,False,Left,False,0,0,0,0,0
12345,2669,32992,True,True,False,False,False,False,None,None,True,False,Left,False,0,0,0,0,0
14346,2039,32992,True,True,False,False,False,False,None,None,True,False,Left,False,0,0,0,0,0
14347,1499,32992,True,True,False,False,False,False,None,None,True,False,Left,False,0,0,0,0,0
12348,1199,32992,True,True,False,False,False,False,None,None,True,False,Left,False,0,0,0,0,0
10220,22459,25692,True,True,False,False,False,False,None,None,True,False,Left,False,0,0,0,0,0
12221,21979,25692,True,True,False,False,False,False,None,None,True,False,Left,False,0,0,0,0,0
12222,21469,25692,True,True,False,False,False,False,None,None,True,False,Left,False,0,0,0,0,0
12223,20989,25692,True,True,False,False,False,False,None,None,True,False,Left,False,0,0,0,0,0
12224,20509,25692,True,True,False,False,False,False,None,None,True,False,Left,False,0,0,0,0,0
12225,19879,25692,True,True,False,False,False,False,None,None,True,False,Left,False,0,0,0,0,0
12226,19369,25692,True,True,False,False,False,False,None,None,True,False,Left,False,0,0,0,0,0
12227,18889,25692,True,True,False,False,False,False,None,None,True,False,Left,False,0,0,0,0,0
12228,18409,25692,True,True,False,False,False,False,None,None,True,False,Left,False,0,0,0,0,0
12229,17779,25692,True,True,False,False,False,False,None,None,True,False,Left,False,0,0,0,0,0
12230,17269,25692,True,True,False,False,False,False,None,None,True,False,Left,False,0,0,0,0,0
12231,16789,25692,True,True,False,False,False,False,None,None,True,False,Left,False,0,0,0,0,0
12232,16309,25692,True,True,False,False,False,False,None,None,True,False,Left,False,0,0,0,0,0
12233,15679,25692,True,True,False,False,False,False,None,None,True,False,Left,False,0,0,0,0,0
12234,15169,25692,True,True,False,False,False,False,None,None,True,False,Left,False,0,0,0,0,0
14235,14719,25692,True,True,False,False,False,False,None,None,True,False,Left,False,0,0,0,0,0
14236,14209,25692,True,True,False,False,False,False,None,None,True,False,Left,False,0,0,0,0,0
12237,13579,25692,True,True,False,False,False,False,None,None,True,False,Left,False,0,0,0,0,0
12238,13069,25692,True,True,False,False,False,False,None,None,True,False,Left,False,0,0,0,0,0
12239,12589,25692,True,True,False,False,False,False,None,None,True,False,Left,False,0,0,0,0,0
12240,12109,25692,True,True,False,False,False,False,None,None,True,False,Left,False,0,0,0,0,0
14241,11479,25692,True,True,False,False,False,False,None,None,True,False,Left,False,0,0,0,0,0
14242,10969,25692,True,True,False,False,False,False,None,None,True,False,Left,False,0,0,0,0,0
12243,10489,25692,True,True,False,False,False,False,None,None,True,False,Left,False,0,0,0,0,0
12244,10009,25692,True,True,False,False,False,False,None,None,True,False,Left,False,0,0,0,0,0
12245,9379,25692,True,True,False,False,False,False,None,None,True,False,Left,False,0,0,0,0,0
12246,8869,25692,True,True,False,False,False,False,None,None,True,False,Left,False,0,0,0,0,0
12247,8389,25692,True,True,False,False,False,False,None,None,True,False,Left,False,0,0,0,0,0
12248,7909,25692,True,True,False,False,False,False,None,None,True,False,Left,False,0,0,0,0,0
12249,7279,25692,True,True,False,False,False,False,None,None,True,False,Left,False,0,0,0,0,0
12250,6769,25692,True,True,False,False,False,False,None,None,True,False,Left,False,0,0,0,0,0
12251,6289,25692,True,True,False,False,False,False,None,None,True,False,Left,False,0,0,0,0,0
12252,5809,25692,True,True,False,False,False,False,None,None,True,False,Left,False,0,0,0,0,0
12253,5179,25692,True,True,False,False,False,False,None,None,True,False,Left,False,0,0,0,0,0
12254,4669,25692,True,True,False,False,False,False,None,None,True,False,Left,False,0,0,0,0,0
12255,4189,25692,True,True,False,False,False,False,None,None,True,False,Left,False,0,0,0,0,0
14256,3709,25692,True,True,False,False,False,False,None,None,True,False,Left,False,0,0,0,0,0
14257,3079,25692,True,True,False,False,False,False,None,None,True,False,Left,False,0,0,0,0,0
12258,2569,25692,True,True,False,False,False,False,None,None,True,False,Left,False,0,0,0,0,0
12259,2089,25692,True,True,False,False,False,False,None,None,True,False,Left,False,0,0,0,0,0
12260,1609,25692,True,True,False,False,False,False,None,None,True,False,Left,False,0,0,0,0,0
10051,22790,1180,True,True,False,False,False,False,None,None,True,False,Left,False,0,0,0,0,0
12052,22550,1180,True,True,False,False,False,False,None,None,True,False,Left,False,0,0,0,0,0
12053,22040,1180,True,True,False,False,False,False,None,None,True,False,Left,False,0,0,0,0,0
12054,21560,1180,True,True,False,False,False,False,None,None,True,False,Left,False,0,0,0,0,0
12055,21080,1180,True,True,False,False,False,False,None,None,True,False,Left,False,0,0,0,0,0
14056,20660,1180,True,True,False,False,False,False,None,None,True,False,Left,False,0,0,0,0,0
14057,20150,1180,True,True,False,False,False,False,None,None,True,False,Left,False,0,0,0,0,0
12058,19460,1180,True,True,False,False,False,False,None,None,True,False,Left,False,0,0,0,0,0
10059,19220,1180,True,True,False,False,False,False,None,None,True,False,Left,False,0,0,0,0,0
10720,28879,50121,True,True,False,False,False,False,None,None,True,False,Left,False,0,0,0,0,0
10721,27409,50121,True,True,False,False,False,False,None,None,True,False,Left,False,0,0,0,0,0
10765,47959,43073,True,True,False,False,False,False,None,None,True,False,Left,False,0,0,0,0,0
13766,47659,43073,True,True,False,False,False,False,None,None,True,False,Left,False,0,0,0,0,0
12767,46549,43073,True,True,False,False,False,False,None,None,True,False,Left,False,0,0,0,0,0
14768,46249,43073,True,True,False,False,False,False,None,None,True,False,Left,False,0,0,0,0,0
12769,45559,43073,True,True,False,False,False,False,None,None,True,False,Left,False,0,0,0,0,0
12770,45079,43073,True,True,False,False,False,False,None,None,True,False,Left,False,0,0,0,0,0
14771,44479,43073,True,True,False,False,False,False,None,None,True,False,Left,False,0,0,0,0,0
12772,43969,43073,True,True,False,False,False,False,None,None,True,False,Left,False,0,0,0,0,0
12773,43459,43073,True,True,False,False,False,False,None,None,True,False,Left,False,0,0,0,0,0
14774,43099,43073,True,True,False,False,False,False,None,None,True,False,Left,False,0,0,0,0,0
12775,42349,43073,True,True,False,False,False,False,None,None,True,False,Left,False,0,0,0,0,0
12776,41869,43073,True,True,False,False,False,False,None,None,True,False,Left,False,0,0,0,0,0
14777,41299,43073,True,True,False,False,False,False,None,None,True,False,Left,False,0,0,0,0,0
12778,40879,43073,True,True,False,False,False,False,None,None,True,False,Left,False,0,0,0,0,0
12779,40249,43073,True,True,False,False,False,False,None,None,True,False,Left,False,0,0,0,0,0
14780,39889,43073,True,True,False,False,False,False,None,None,True,False,Left,False,0,0,0,0,0
12781,39259,43073,True,True,False,False,False,False,None,None,True,False,Left,False,0,0,0,0,0
12782,38779,43073,True,True,False,False,False,False,None,None,True,False,Left,False,0,0,0,0,0
14783,38089,43073,True,True,False,False,False,False,None,None,True,False,Left,False,0,0,0,0,0
12784,37669,43073,True,True,False,False,False,False,None,None,True,False,Left,False,0,0,0,0,0
12785,37159,43073,True,True,False,False,False,False,None,None,True,False,Left,False,0,0,0,0,0
14786,36709,43073,True,True,False,False,False,False,None,None,True,False,Left,False,0,0,0,0,0
12787,36049,43073,True,True,False,False,False,False,None,None,True,False,Left,False,0,0,0,0,0
12788,35569,43073,True,True,False,False,False,False,None,None,True,False,Left,False,0,0,0,0,0
12789,35059,43073,True,True,False,False,False,False,None,None,True,False,Left,False,0,0,0,0,0
14790,34729,43073,True,True,False,False,False,False,None,None,True,False,Left,False,0,0,0,0,0
12791,34429,43073,True,True,False,False,False,False,None,None,True,False,Left,False,0,0,0,0,0
14792,33949,43073,True,True,False,False,False,False,None,None,True,False,Left,False,0,0,0,0,0
12793,33469,43073,True,True,False,False,False,False,None,None,True,False,Left,False,0,0,0,0,0
12794,32959,43073,True,True,False,False,False,False,None,None,True,False,Left,False,0,0,0,0,0
12795,32359,43073,True,True,False,False,False,False,None,None,True,False,Left,False,0,0,0,0,0
14796,31849,43073,True,True,False,False,False,False,None,None,True,False,Left,False,0,0,0,0,0
12797,31369,43073,True,True,False,False,False,False,None,None,True,False,Left,False,0,0,0,0,0
12798,30889,43073,True,True,False,False,False,False,None,None,True,False,Left,False,0,0,0,0,0
13799,30259,43073,True,True,False,False,False,False,None,None,True,False,Left,False,0,0,0,0,0
12800,29749,43073,True,True,False,False,False,False,None,None,True,False,Left,False,0,0,0,0,0
12801,29269,43073,True,True,False,False,False,False,None,None,True,False,Left,False,0,0,0,0,0
12802,28759,43073,True,True,False,False,False,False,None,None,True,False,Left,False,0,0,0,0,0
12803,28129,43073,True,True,False,False,False,False,None,None,True,False,Left,False,0,0,0,0,0
12804,27679,43073,True,True,False,False,False,False,None,None,True,False,Left,False,0,0,0,0,0
12805,27169,43073,True,True,False,False,False,False,None,None,True,False,Left,False,0,0,0,0,0
12806,26689,43073,True,True,False,False,False,False,None,None,True,False,Left,False,0,0,0,0,0
