﻿<?xml version="1.0" encoding="utf-8" ?>
<hibernate-configuration xmlns="urn:nhibernate-configuration-2.2">
  <session-factory name="BC_DBConnectSession">
    <property name="connection.provider">NHibernate.Connection.DriverConnectionProvider</property>
    <property name="connection.driver_class">NHibernate.Driver.SqlClientDriver</property>
    <property name="connection.connection_string">
      Data Source=localhost;Database=BC_Dev;Initial Catalog=BC_Dev;User ID=sa;Password=p@ssw0rd;Min Pool Size=50;Max Pool Size=1000
    </property>
    <!--<property name="dialect">NHibernate.Dialect.MsSql2008Dialect</property>-->
    <property name="dialect">NHibernate.Dialect.MsSql2012Dialect</property>
    <!--<property name="proxyfactory.factory_class">NHibernate.ByteCode.LinFu.ProxyFactoryFactory, NHibernate.ByteCode.LinFu</property>-->
    <property name="cache.use_second_level_cache">false</property>
    <property name="adonet.batch_size">300</property>
    <property name="proxyfactory.factory_class">NHibernate.Bytecode.DefaultProxyFactoryFactory, NHibernate</property>
    <property name="show_sql">false</property>
    <mapping assembly="ScriptControl"/>
  </session-factory>
</hibernate-configuration>
