Id,FromAddress,ToAddress,Speed,Type,PermitDirection
30001,10001,13002,1000,Horizontal,Forward
30002,13002,13003,1000,Horizontal,Forward
30003,13003,11004,1000,Horizontal,Forward
30004,11004,13005,1000,Horizontal,Forward
30005,13005,13006,1000,Horizontal,Forward
30006,13006,12007,1000,Horizontal,Forward
30007,12007,12008,1000,Horizontal,Forward
30008,12008,14009,1000,Horizontal,Forward
30009,14009,14010,1000,Horizontal,Forward
30010,14010,12011,1000,Horizontal,Forward
30011,12011,12012,1000,Horizontal,Forward
30012,12012,13013,1000,Horizontal,Forward
30013,13013,13014,1000,Horizontal,Forward
30014,13014,12015,1000,Horizontal,Forward
30015,12015,12016,1000,Horizontal,Forward
30016,12016,13017,1000,Horizontal,Forward
30017,13017,13018,1000,Horizontal,Forward
30018,13018,12019,1000,Horizontal,Forward
30019,12019,13020,1000,Horizontal,Forward
30020,13020,13021,1000,Horizontal,Forward
30021,13021,10022,1000,Horizontal,Forward
30022,10022,10023,1000,Horizontal,Forward
30023,10023,11024,1000,Horizontal,Forward
30024,11024,10025,1000,Horizontal,Forward
30025,10025,10026,1000,Horizontal,Forward
30026,10026,13027,1000,Horizontal,Forward
30027,13027,13028,1000,Horizontal,Forward
30028,13028,13029,1000,Horizontal,Forward
30029,13029,12030,1000,Horizontal,Forward
30030,12030,12031,1000,Horizontal,Forward
30031,12031,12032,1000,Horizontal,Forward
30032,12032,12033,1000,Horizontal,Forward
30033,12033,14034,1000,Horizontal,Forward
30034,14034,14035,1000,Horizontal,Forward
30035,14035,14036,1000,Horizontal,Forward
30036,14036,12037,1000,Horizontal,Forward
30037,12037,12038,1000,Horizontal,Forward
30038,12038,12039,1000,Horizontal,Forward
30039,12039,12040,1000,Horizontal,Forward
30040,12040,13041,1000,Horizontal,Forward
30041,13041,13042,1000,Horizontal,Forward
30042,13042,12043,1000,Horizontal,Forward
30043,12043,12044,1000,Horizontal,Forward
30044,12044,13045,1000,Horizontal,Forward
30045,13045,13046,1000,Horizontal,Forward
30046,13046,12047,1000,Horizontal,Forward
30047,12047,10048,1000,Horizontal,Forward
30101,10048,10049,1000,Horizontal,Forward
30102,10049,10050,1000,Horizontal,Forward
30103,10050,10001,1000,Horizontal,Forward
30201,10048,10810,1000,Horizontal,Forward
30301,10810,10811,1000,Horizontal,Forward
30401,10811,10051,1000,Horizontal,Forward
30402,10051,12052,1000,Horizontal,Forward
30403,12052,12053,1000,Horizontal,Forward
30404,12053,12054,1000,Horizontal,Forward
30405,12054,12055,1000,Horizontal,Forward
30406,12055,14056,1000,Horizontal,Forward
30407,14056,14057,1000,Horizontal,Forward
30408,14057,12058,1000,Horizontal,Forward
30409,12058,10059,1000,Horizontal,Forward
30410,10059,10060,1000,Horizontal,Forward
30501,10811,10812,1000,Horizontal,Forward
30502,10812,11813,1000,Horizontal,Forward
30503,11813,11814,1000,Horizontal,Forward
30504,11814,11815,1000,Horizontal,Forward
30505,11815,10816,1000,Horizontal,Forward
30506,10816,10817,1000,Horizontal,Forward
30601,10060,12061,1000,Horizontal,Forward
30602,12061,12062,1000,Horizontal,Forward
30603,12062,12063,1000,Horizontal,Forward
30604,12063,12064,1000,Horizontal,Forward
30605,12064,14065,1000,Horizontal,Forward
30606,14065,14066,1000,Horizontal,Forward
30607,14066,12067,1000,Horizontal,Forward
30608,12067,12068,1000,Horizontal,Forward
30609,12068,12069,1000,Horizontal,Forward
30610,12069,12070,1000,Horizontal,Forward
30611,12070,12071,1000,Horizontal,Forward
30612,12071,12072,1000,Horizontal,Forward
30613,12072,12073,1000,Horizontal,Forward
30614,12073,12074,1000,Horizontal,Forward
30615,12074,12075,1000,Horizontal,Forward
30616,12075,12076,1000,Horizontal,Forward
30617,12076,14077,1000,Horizontal,Forward
30618,14077,14078,1000,Horizontal,Forward
30619,14078,12079,1000,Horizontal,Forward
30620,12079,12080,1000,Horizontal,Forward
30621,12080,12081,1000,Horizontal,Forward
30622,12081,12082,1000,Horizontal,Forward
30623,12082,12083,1000,Horizontal,Forward
30624,12083,12084,1000,Horizontal,Forward
30625,12084,12085,1000,Horizontal,Forward
30626,12085,12086,1000,Horizontal,Forward
30627,12086,12087,1000,Horizontal,Forward
30628,12087,12088,1000,Horizontal,Forward
30629,12088,13089,1000,Horizontal,Forward
30630,13089,13090,1000,Horizontal,Forward
30631,13090,10091,1000,Horizontal,Forward
30632,10091,10092,1000,Horizontal,Forward
30633,10092,11093,1000,Horizontal,Forward
30634,11093,11094,1000,Horizontal,Forward
30635,11094,11095,1000,Horizontal,Forward
30636,11095,10096,1000,Horizontal,Forward
30701,10096,10098,1000,Horizontal,Forward
30702,10098,12099,1000,Horizontal,Forward
30703,12099,12100,1000,Horizontal,Forward
30704,12100,12101,1000,Horizontal,Forward
30705,12101,12102,1000,Horizontal,Forward
30706,12102,14103,1000,Horizontal,Forward
30707,14103,14104,1000,Horizontal,Forward
30708,14104,12105,1000,Horizontal,Forward
30709,12105,12106,1000,Horizontal,Forward
30710,12106,12107,1000,Horizontal,Forward
30711,12107,12108,1000,Horizontal,Forward
30712,12108,12109,1000,Horizontal,Forward
30713,12109,12110,1000,Horizontal,Forward
30714,12110,12111,1000,Horizontal,Forward
30715,12111,12112,1000,Horizontal,Forward
30716,12112,12113,1000,Horizontal,Forward
30717,12113,12114,1000,Horizontal,Forward
30718,12114,13115,1000,Horizontal,Forward
30719,13115,13116,1000,Horizontal,Forward
30720,13116,12117,1000,Horizontal,Forward
30721,12117,12118,1000,Horizontal,Forward
30722,12118,12119,1000,Horizontal,Forward
30723,12119,12120,1000,Horizontal,Forward
30724,12120,12121,1000,Horizontal,Forward
30725,12121,12122,1000,Horizontal,Forward
30726,12122,12123,1000,Horizontal,Forward
30727,12123,12124,1000,Horizontal,Forward
30728,12124,12125,1000,Horizontal,Forward
30729,12125,14126,1000,Horizontal,Forward
30730,14126,14127,1000,Horizontal,Forward
30731,14127,10128,1000,Horizontal,Forward
30801,10128,10136,1000,Horizontal,Forward
30802,10136,11137,1000,Horizontal,Forward
30803,11137,11138,1000,Horizontal,Forward
30804,11138,11139,1000,Horizontal,Forward
30805,11139,10140,1000,Horizontal,Forward
30806,10140,10060,1000,Horizontal,Forward
30901,10128,10129,1000,Horizontal,Forward
30902,10129,12130,1000,Horizontal,Forward
30903,12130,12131,1000,Horizontal,Forward
30904,12131,12132,1000,Horizontal,Forward
30905,12132,12133,1000,Horizontal,Forward
30906,12133,13134,1000,Horizontal,Forward
30907,13134,13135,1000,Horizontal,Forward
30908,13135,10817,1000,Horizontal,Forward
31001,10817,10141,1000,Horizontal,Forward
31002,10141,12142,1000,Horizontal,Forward
31003,12142,12143,1000,Horizontal,Forward
31004,12143,12144,1000,Horizontal,Forward
31005,12144,10145,1000,Horizontal,Forward
31006,10145,10146,1000,Horizontal,Forward
31101,10146,12147,1000,Horizontal,Forward
31102,12147,12148,1000,Horizontal,Forward
31103,12148,12149,1000,Horizontal,Forward
31104,12149,12150,1000,Horizontal,Forward
31105,12150,12151,1000,Horizontal,Forward
31106,12151,14152,1000,Horizontal,Forward
31107,14152,14153,1000,Horizontal,Forward
31108,14153,12154,1000,Horizontal,Forward
31109,12154,12155,1000,Horizontal,Forward
31110,12155,12156,1000,Horizontal,Forward
31111,12156,12157,1000,Horizontal,Forward
31112,12157,12158,1000,Horizontal,Forward
31113,12158,12159,1000,Horizontal,Forward
31114,12159,12160,1000,Horizontal,Forward
31115,12160,12161,1000,Horizontal,Forward
31116,12161,12162,1000,Horizontal,Forward
31117,12162,12163,1000,Horizontal,Forward
31118,12163,12164,1000,Horizontal,Forward
31119,12164,12165,1000,Horizontal,Forward
31120,12165,12166,1000,Horizontal,Forward
31121,12166,12167,1000,Horizontal,Forward
31122,12167,12168,1000,Horizontal,Forward
31123,12168,12169,1000,Horizontal,Forward
31124,12169,12170,1000,Horizontal,Forward
31125,12170,12171,1000,Horizontal,Forward
31126,12171,12172,1000,Horizontal,Forward
31127,12172,13173,1000,Horizontal,Forward
31128,13173,13174,1000,Horizontal,Forward
31129,13174,10175,1000,Horizontal,Forward
31201,10096,10097,1000,Horizontal,Forward
31202,10097,10175,1000,Horizontal,Forward
31301,10175,10176,1000,Horizontal,Forward
31302,10176,10177,1000,Horizontal,Forward
31401,10177,10178,1000,Horizontal,Forward
31402,10178,12179,1000,Horizontal,Forward
31403,12179,12180,1000,Horizontal,Forward
31404,12180,12181,1000,Horizontal,Forward
31405,12181,12182,1000,Horizontal,Forward
31406,12182,14183,1000,Horizontal,Forward
31407,14183,14184,1000,Horizontal,Forward
31408,14184,12185,1000,Horizontal,Forward
31409,12185,12186,1000,Horizontal,Forward
31410,12186,12187,1000,Horizontal,Forward
31411,12187,12188,1000,Horizontal,Forward
31412,12188,12189,1000,Horizontal,Forward
31413,12189,12190,1000,Horizontal,Forward
31414,12190,12191,1000,Horizontal,Forward
31415,12191,12192,1000,Horizontal,Forward
31416,12192,12193,1000,Horizontal,Forward
31417,12193,12194,1000,Horizontal,Forward
31418,12194,13195,1000,Horizontal,Forward
31419,13195,13196,1000,Horizontal,Forward
31420,13196,12197,1000,Horizontal,Forward
31421,12197,12198,1000,Horizontal,Forward
31422,12198,12199,1000,Horizontal,Forward
31423,12199,12200,1000,Horizontal,Forward
31424,12200,12201,1000,Horizontal,Forward
31425,12201,12202,1000,Horizontal,Forward
31426,12202,12203,1000,Horizontal,Forward
31427,12203,12204,1000,Horizontal,Forward
31428,12204,12205,1000,Horizontal,Forward
31429,12205,13206,1000,Horizontal,Forward
31430,13206,13207,1000,Horizontal,Forward
31431,13207,10208,1000,Horizontal,Forward
31501,10208,10216,1000,Horizontal,Forward
31502,10216,11217,1000,Horizontal,Forward
31503,11217,11218,1000,Horizontal,Forward
31504,11218,10219,1000,Horizontal,Forward
31505,10219,10146,1000,Horizontal,Forward
31601,10208,10209,1000,Horizontal,Forward
31602,10209,12210,1000,Horizontal,Forward
31603,12210,12211,1000,Horizontal,Forward
31604,12211,12212,1000,Horizontal,Forward
31605,12212,12213,1000,Horizontal,Forward
31606,12213,13214,1000,Horizontal,Forward
31607,13214,13215,1000,Horizontal,Forward
31608,13215,10822,1000,Horizontal,Forward
31701,10817,10818,1000,Horizontal,Forward
31702,10818,11819,1000,Horizontal,Forward
31703,11819,11820,1000,Horizontal,Forward
31704,11820,10821,1000,Horizontal,Forward
31705,10821,10822,1000,Horizontal,Forward
31801,10822,10220,1000,Horizontal,Forward
31802,10220,12221,1000,Horizontal,Forward
31803,12221,12222,1000,Horizontal,Forward
31804,12222,12223,1000,Horizontal,Forward
31805,12223,12224,1000,Horizontal,Forward
31806,12224,12225,1000,Horizontal,Forward
31807,12225,12226,1000,Horizontal,Forward
31808,12226,12227,1000,Horizontal,Forward
31809,12227,12228,1000,Horizontal,Forward
31810,12228,12229,1000,Horizontal,Forward
31811,12229,12230,1000,Horizontal,Forward
31812,12230,12231,1000,Horizontal,Forward
31813,12231,12232,1000,Horizontal,Forward
31814,12232,12233,1000,Horizontal,Forward
31815,12233,12234,1000,Horizontal,Forward
31816,12234,14235,1000,Horizontal,Forward
31817,14235,14236,1000,Horizontal,Forward
31818,14236,12237,1000,Horizontal,Forward
31819,12237,12238,1000,Horizontal,Forward
31820,12238,12239,1000,Horizontal,Forward
31821,12239,12240,1000,Horizontal,Forward
31822,12240,14241,1000,Horizontal,Forward
31823,14241,14242,1000,Horizontal,Forward
31824,14242,12243,1000,Horizontal,Forward
31825,12243,12244,1000,Horizontal,Forward
31826,12244,12245,1000,Horizontal,Forward
31827,12245,12246,1000,Horizontal,Forward
31828,12246,12247,1000,Horizontal,Forward
31829,12247,12248,1000,Horizontal,Forward
31830,12248,12249,1000,Horizontal,Forward
31831,12249,12250,1000,Horizontal,Forward
31832,12250,12251,1000,Horizontal,Forward
31833,12251,12252,1000,Horizontal,Forward
31834,12252,12253,1000,Horizontal,Forward
31835,12253,12254,1000,Horizontal,Forward
31836,12254,12255,1000,Horizontal,Forward
31837,12255,14256,1000,Horizontal,Forward
31838,14256,14257,1000,Horizontal,Forward
31839,14257,12258,1000,Horizontal,Forward
31840,12258,12259,1000,Horizontal,Forward
31841,12259,12260,1000,Horizontal,Forward
31842,12260,10261,1000,Horizontal,Forward
31901,10177,10879,1000,Horizontal,Forward
31902,10879,10261,1000,Horizontal,Forward
32001,10261,10262,1000,Horizontal,Forward
32002,10262,10263,1000,Horizontal,Forward
32101,10263,10265,1000,Horizontal,Forward
32102,10265,12266,1000,Horizontal,Forward
32103,12266,14267,1000,Horizontal,Forward
32104,14267,14268,1000,Horizontal,Forward
32105,14268,12269,1000,Horizontal,Forward
32106,12269,12270,1000,Horizontal,Forward
32107,12270,12271,1000,Horizontal,Forward
32108,12271,12272,1000,Horizontal,Forward
32109,12272,12273,1000,Horizontal,Forward
32110,12273,14274,1000,Horizontal,Forward
32111,14274,14275,1000,Horizontal,Forward
32112,14275,12276,1000,Horizontal,Forward
32113,12276,12277,1000,Horizontal,Forward
32114,12277,12278,1000,Horizontal,Forward
32115,12278,12279,1000,Horizontal,Forward
32116,12279,12280,1000,Horizontal,Forward
32117,12280,14281,1000,Horizontal,Forward
32118,14281,14282,1000,Horizontal,Forward
32119,14282,12283,1000,Horizontal,Forward
32120,12283,12284,1000,Horizontal,Forward
32121,12284,12285,1000,Horizontal,Forward
32122,12285,12286,1000,Horizontal,Forward
32123,12286,14287,1000,Horizontal,Forward
32124,14287,14288,1000,Horizontal,Forward
32125,14288,12289,1000,Horizontal,Forward
32126,12289,12290,1000,Horizontal,Forward
32127,12290,12291,1000,Horizontal,Forward
32128,12291,12292,1000,Horizontal,Forward
32129,12292,14293,1000,Horizontal,Forward
32130,14293,13294,1000,Horizontal,Forward
32131,13294,12295,1000,Horizontal,Forward
32132,12295,12296,1000,Horizontal,Forward
32133,12296,12297,1000,Horizontal,Forward
32134,12297,12298,1000,Horizontal,Forward
32135,12298,12299,1000,Horizontal,Forward
32136,12299,14300,1000,Horizontal,Forward
32137,14300,14301,1000,Horizontal,Forward
32138,14301,12302,1000,Horizontal,Forward
32139,12302,12303,1000,Horizontal,Forward
32140,12303,12304,1000,Horizontal,Forward
32141,12304,12305,1000,Horizontal,Forward
32142,12305,14306,1000,Horizontal,Forward
32143,14306,13307,1000,Horizontal,Forward
32144,13307,10825,1000,Horizontal,Forward
32201,10623,10624,1000,Horizontal,Forward
32202,10624,10625,1000,Horizontal,Forward
32301,10822,10823,1000,Horizontal,Forward
32401,10823,10824,1000,Horizontal,Forward
32402,10824,10825,1000,Horizontal,Forward
32501,10825,10826,1000,Horizontal,Forward
32502,10826,10827,1000,Horizontal,Forward
32601,10825,10308,1000,Horizontal,Forward
32602,10308,12309,1000,Horizontal,Forward
32603,12309,12310,1000,Horizontal,Forward
32604,12310,12311,1000,Horizontal,Forward
32605,12311,12312,1000,Horizontal,Forward
32606,12312,12313,1000,Horizontal,Forward
32607,12313,12314,1000,Horizontal,Forward
32608,12314,14315,1000,Horizontal,Forward
32609,14315,14316,1000,Horizontal,Forward
32610,14316,12317,1000,Horizontal,Forward
32611,12317,12318,1000,Horizontal,Forward
32612,12318,12319,1000,Horizontal,Forward
32613,12319,12320,1000,Horizontal,Forward
32614,12320,14321,1000,Horizontal,Forward
32615,14321,14322,1000,Horizontal,Forward
32616,14322,12323,1000,Horizontal,Forward
32617,12323,12324,1000,Horizontal,Forward
32618,12324,12325,1000,Horizontal,Forward
32619,12325,12326,1000,Horizontal,Forward
32620,12326,14327,1000,Horizontal,Forward
32621,14327,13328,1000,Horizontal,Forward
32622,13328,12329,1000,Horizontal,Forward
32623,12329,12330,1000,Horizontal,Forward
32624,12330,12331,1000,Horizontal,Forward
32625,12331,12332,1000,Horizontal,Forward
32626,12332,12333,1000,Horizontal,Forward
32627,12333,14334,1000,Horizontal,Forward
32628,14334,14335,1000,Horizontal,Forward
32629,14335,12336,1000,Horizontal,Forward
32630,12336,12337,1000,Horizontal,Forward
32631,12337,12338,1000,Horizontal,Forward
32632,12338,12339,1000,Horizontal,Forward
32633,12339,14340,1000,Horizontal,Forward
32634,14340,14341,1000,Horizontal,Forward
32635,14341,12342,1000,Horizontal,Forward
32636,12342,12343,1000,Horizontal,Forward
32637,12343,12344,1000,Horizontal,Forward
32638,12344,12345,1000,Horizontal,Forward
32639,12345,14346,1000,Horizontal,Forward
32640,14346,14347,1000,Horizontal,Forward
32641,14347,12348,1000,Horizontal,Forward
32642,12348,10349,1000,Horizontal,Forward
32701,10349,11350,1000,Horizontal,Forward
32702,11350,10351,1000,Horizontal,Forward
32801,10827,10828,1000,Horizontal,Forward
32901,10351,10353,1000,Horizontal,Forward
32902,10353,12354,1000,Horizontal,Forward
32903,12354,12355,1000,Horizontal,Forward
32904,12355,12356,1000,Horizontal,Forward
32905,12356,12357,1000,Horizontal,Forward
32906,12357,12358,1000,Horizontal,Forward
32907,12358,14359,1000,Horizontal,Forward
32908,14359,14360,1000,Horizontal,Forward
32909,14360,12361,1000,Horizontal,Forward
32910,12361,12362,1000,Horizontal,Forward
32911,12362,12363,1000,Horizontal,Forward
32912,12363,12364,1000,Horizontal,Forward
32913,12364,12365,1000,Horizontal,Forward
32914,12365,12366,1000,Horizontal,Forward
32915,12366,12367,1000,Horizontal,Forward
32916,12367,12368,1000,Horizontal,Forward
32917,12368,12369,1000,Horizontal,Forward
32918,12369,12370,1000,Horizontal,Forward
32919,12370,12371,1000,Horizontal,Forward
32920,12371,12372,1000,Horizontal,Forward
32921,12372,12373,1000,Horizontal,Forward
32922,12373,14374,1000,Horizontal,Forward
32923,14374,14375,1000,Horizontal,Forward
32924,14375,12376,1000,Horizontal,Forward
32925,12376,12377,1000,Horizontal,Forward
32926,12377,12378,1000,Horizontal,Forward
32927,12378,12379,1000,Horizontal,Forward
32928,12379,12380,1000,Horizontal,Forward
32929,12380,14381,1000,Horizontal,Forward
32930,14381,14382,1000,Horizontal,Forward
32931,14382,12383,1000,Horizontal,Forward
32932,12383,12384,1000,Horizontal,Forward
32933,12384,12385,1000,Horizontal,Forward
32934,12385,12386,1000,Horizontal,Forward
32935,12386,12387,1000,Horizontal,Forward
32936,12387,12388,1000,Horizontal,Forward
32937,12388,12389,1000,Horizontal,Forward
32938,12389,12390,1000,Horizontal,Forward
32939,12390,12391,1000,Horizontal,Forward
32940,12391,12392,1000,Horizontal,Forward
32941,12392,12393,1000,Horizontal,Forward
32942,12393,10394,1000,Horizontal,Forward
32943,10394,10828,1000,Horizontal,Forward
33001,10828,10395,1000,Horizontal,Forward
33101,10828,10829,1000,Horizontal,Forward
33102,10829,10830,1000,Horizontal,Forward
33201,10395,13396,1000,Horizontal,Forward
33202,13396,14397,1000,Horizontal,Forward
33203,14397,12398,1000,Horizontal,Forward
33204,12398,12399,1000,Horizontal,Forward
33205,12399,14400,1000,Horizontal,Forward
33206,14400,14401,1000,Horizontal,Forward
33207,14401,12402,1000,Horizontal,Forward
33208,12402,12403,1000,Horizontal,Forward
33209,12403,12404,1000,Horizontal,Forward
33210,12404,14405,1000,Horizontal,Forward
33211,14405,12406,1000,Horizontal,Forward
33212,12406,12407,1000,Horizontal,Forward
33213,12407,12408,1000,Horizontal,Forward
33214,12408,14409,1000,Horizontal,Forward
33215,14409,12410,1000,Horizontal,Forward
33216,12410,12411,1000,Horizontal,Forward
33217,12411,12412,1000,Horizontal,Forward
33218,12412,14413,1000,Horizontal,Forward
33219,14413,12414,1000,Horizontal,Forward
33220,12414,12415,1000,Horizontal,Forward
33221,12415,12416,1000,Horizontal,Forward
33222,12416,14417,1000,Horizontal,Forward
33223,14417,12418,1000,Horizontal,Forward
33224,12418,12419,1000,Horizontal,Forward
33225,12419,12420,1000,Horizontal,Forward
33226,12420,14421,1000,Horizontal,Forward
33227,14421,12422,1000,Horizontal,Forward
33228,12422,12423,1000,Horizontal,Forward
33229,12423,12424,1000,Horizontal,Forward
33230,12424,14425,1000,Horizontal,Forward
33231,14425,12426,1000,Horizontal,Forward
33232,12426,12427,1000,Horizontal,Forward
33233,12427,12428,1000,Horizontal,Forward
33234,12428,14429,1000,Horizontal,Forward
33235,14429,12430,1000,Horizontal,Forward
33236,12430,12431,1000,Horizontal,Forward
33237,12431,12432,1000,Horizontal,Forward
33238,12432,14433,1000,Horizontal,Forward
33239,14433,10434,1000,Horizontal,Forward
33301,10351,10352,1000,Horizontal,Forward
33302,10352,10434,1000,Horizontal,Forward
33401,10434,10436,1000,Horizontal,Forward
33402,10436,13437,1000,Horizontal,Forward
33403,13437,12438,1000,Horizontal,Forward
33404,12438,14439,1000,Horizontal,Forward
33405,14439,12440,1000,Horizontal,Forward
33406,12440,12441,1000,Horizontal,Forward
33407,12441,12442,1000,Horizontal,Forward
33408,12442,14443,1000,Horizontal,Forward
33409,14443,12444,1000,Horizontal,Forward
33410,12444,12445,1000,Horizontal,Forward
33411,12445,12446,1000,Horizontal,Forward
33412,12446,14447,1000,Horizontal,Forward
33413,14447,12448,1000,Horizontal,Forward
33414,12448,12449,1000,Horizontal,Forward
33415,12449,12450,1000,Horizontal,Forward
33416,12450,14451,1000,Horizontal,Forward
33417,14451,12452,1000,Horizontal,Forward
33418,12452,12453,1000,Horizontal,Forward
33419,12453,14454,1000,Horizontal,Forward
33420,14454,12455,1000,Horizontal,Forward
33421,12455,12456,1000,Horizontal,Forward
33422,12456,14457,1000,Horizontal,Forward
33423,14457,12458,1000,Horizontal,Forward
33424,12458,12459,1000,Horizontal,Forward
33425,12459,12460,1000,Horizontal,Forward
33426,12460,14461,1000,Horizontal,Forward
33427,14461,12462,1000,Horizontal,Forward
33428,12462,12463,1000,Horizontal,Forward
33429,12463,12464,1000,Horizontal,Forward
33430,12464,12465,1000,Horizontal,Forward
33431,12465,12466,1000,Horizontal,Forward
33432,12466,12467,1000,Horizontal,Forward
33433,12467,12468,1000,Horizontal,Forward
33434,12468,10469,1000,Horizontal,Forward
33601,10469,10830,1000,Horizontal,Forward
33701,10830,10472,1000,Horizontal,Forward
33702,10472,12473,1000,Horizontal,Forward
33703,12473,12474,1000,Horizontal,Forward
33704,12474,12475,1000,Horizontal,Forward
33705,12475,12476,1000,Horizontal,Forward
33706,12476,12477,1000,Horizontal,Forward
33707,12477,12478,1000,Horizontal,Forward
33708,12478,12479,1000,Horizontal,Forward
33709,12479,12480,1000,Horizontal,Forward
33710,12480,12481,1000,Horizontal,Forward
33711,12481,12482,1000,Horizontal,Forward
33712,12482,12483,1000,Horizontal,Forward
33713,12483,12484,1000,Horizontal,Forward
33714,12484,12485,1000,Horizontal,Forward
33715,12485,12486,1000,Horizontal,Forward
33716,12486,12487,1000,Horizontal,Forward
33717,12487,12488,1000,Horizontal,Forward
33718,12488,12489,1000,Horizontal,Forward
33719,12489,12490,1000,Horizontal,Forward
33720,12490,12491,1000,Horizontal,Forward
33721,12491,12492,1000,Horizontal,Forward
33722,12492,12493,1000,Horizontal,Forward
33723,12493,12494,1000,Horizontal,Forward
33724,12494,12495,1000,Horizontal,Forward
33725,12495,12496,1000,Horizontal,Forward
33726,12496,12497,1000,Horizontal,Forward
33727,12497,12498,1000,Horizontal,Forward
33728,12498,12499,1000,Horizontal,Forward
33729,12499,12500,1000,Horizontal,Forward
33730,12500,12501,1000,Horizontal,Forward
33731,12501,12502,1000,Horizontal,Forward
33732,12502,12503,1000,Horizontal,Forward
33733,12503,12504,1000,Horizontal,Forward
33734,12504,12505,1000,Horizontal,Forward
33735,12505,12506,1000,Horizontal,Forward
33736,12506,12507,1000,Horizontal,Forward
33737,12507,12508,1000,Horizontal,Forward
33738,12508,12509,1000,Horizontal,Forward
33739,12509,12510,1000,Horizontal,Forward
33740,12510,12511,1000,Horizontal,Forward
33741,12511,12512,1000,Horizontal,Forward
33742,12512,10513,1000,Horizontal,Forward
33801,10434,10435,1000,Horizontal,Forward
33802,10435,10513,1000,Horizontal,Forward
33901,10513,10515,1000,Horizontal,Forward
33902,10515,13516,1000,Horizontal,Forward
33903,13516,12517,1000,Horizontal,Forward
33904,12517,12518,1000,Horizontal,Forward
33905,12518,12519,1000,Horizontal,Forward
33906,12519,14520,1000,Horizontal,Forward
33907,14520,12521,1000,Horizontal,Forward
33908,12521,12522,1000,Horizontal,Forward
33909,12522,12523,1000,Horizontal,Forward
33910,12523,12524,1000,Horizontal,Forward
33911,12524,12525,1000,Horizontal,Forward
33912,12525,12526,1000,Horizontal,Forward
33913,12526,12527,1000,Horizontal,Forward
33914,12527,12528,1000,Horizontal,Forward
33915,12528,12529,1000,Horizontal,Forward
33916,12529,12530,1000,Horizontal,Forward
33917,12530,14531,1000,Horizontal,Forward
33918,14531,12532,1000,Horizontal,Forward
33919,12532,12533,1000,Horizontal,Forward
33920,12533,12534,1000,Horizontal,Forward
33921,12534,14535,1000,Horizontal,Forward
33922,14535,12536,1000,Horizontal,Forward
33923,12536,12537,1000,Horizontal,Forward
33924,12537,12538,1000,Horizontal,Forward
33925,12538,14539,1000,Horizontal,Forward
33926,14539,12540,1000,Horizontal,Forward
33927,12540,12541,1000,Horizontal,Forward
33928,12541,14542,1000,Horizontal,Forward
33929,14542,12543,1000,Horizontal,Forward
33930,12543,12544,1000,Horizontal,Forward
33931,12544,12545,1000,Horizontal,Forward
33932,12545,12546,1000,Horizontal,Forward
33933,12546,12547,1000,Horizontal,Forward
33934,12547,12548,1000,Horizontal,Forward
33935,12548,12549,1000,Horizontal,Forward
33936,12549,12550,1000,Horizontal,Forward
33937,12550,12551,1000,Horizontal,Forward
33938,12551,10552,1000,Horizontal,Forward
33939,10552,10832,1000,Horizontal,Forward
34001,10830,10831,1000,Horizontal,Forward
34002,10831,10832,1000,Horizontal,Forward
34101,10832,10553,1000,Horizontal,Forward
34201,10553,14554,1000,Horizontal,Forward
34202,14554,12555,1000,Horizontal,Forward
34203,12555,12556,1000,Horizontal,Forward
34204,12556,12557,1000,Horizontal,Forward
34205,12557,14558,1000,Horizontal,Forward
34206,14558,12559,1000,Horizontal,Forward
34207,12559,12560,1000,Horizontal,Forward
34208,12560,12561,1000,Horizontal,Forward
34209,12561,14562,1000,Horizontal,Forward
34210,14562,12563,1000,Horizontal,Forward
34211,12563,12564,1000,Horizontal,Forward
34212,12564,12565,1000,Horizontal,Forward
34213,12565,14566,1000,Horizontal,Forward
34214,14566,12567,1000,Horizontal,Forward
34215,12567,12568,1000,Horizontal,Forward
34216,12568,12569,1000,Horizontal,Forward
34217,12569,14570,1000,Horizontal,Forward
34218,14570,12571,1000,Horizontal,Forward
34219,12571,12572,1000,Horizontal,Forward
34220,12572,12573,1000,Horizontal,Forward
34221,12573,14574,1000,Horizontal,Forward
34222,14574,12575,1000,Horizontal,Forward
34223,12575,12576,1000,Horizontal,Forward
34224,12576,12577,1000,Horizontal,Forward
34225,12577,14578,1000,Horizontal,Forward
34226,14578,12579,1000,Horizontal,Forward
34227,12579,12580,1000,Horizontal,Forward
34228,12580,12581,1000,Horizontal,Forward
34229,12581,14582,1000,Horizontal,Forward
34230,14582,12583,1000,Horizontal,Forward
34231,12583,12584,1000,Horizontal,Forward
34232,12584,12585,1000,Horizontal,Forward
34233,12585,14586,1000,Horizontal,Forward
34234,14586,12587,1000,Horizontal,Forward
34235,12587,12588,1000,Horizontal,Forward
34236,12588,12589,1000,Horizontal,Forward
34237,12589,14590,1000,Horizontal,Forward
34238,14590,10591,1000,Horizontal,Forward
39201,10591,10592,1000,Horizontal,Forward
34301,10513,10514,1000,Horizontal,Forward
34302,10514,10591,1000,Horizontal,Forward
34401,10592,10594,1000,Horizontal,Forward
34402,10594,12595,1000,Horizontal,Forward
34403,12595,12596,1000,Horizontal,Forward
34404,12596,14597,1000,Horizontal,Forward
34405,14597,12598,1000,Horizontal,Forward
34406,12598,12599,1000,Horizontal,Forward
34407,12599,14600,1000,Horizontal,Forward
34408,14600,12601,1000,Horizontal,Forward
34409,12601,12602,1000,Horizontal,Forward
34410,12602,12603,1000,Horizontal,Forward
34411,12603,14604,1000,Horizontal,Forward
34412,14604,12605,1000,Horizontal,Forward
34413,12605,12606,1000,Horizontal,Forward
34414,12606,12607,1000,Horizontal,Forward
34415,12607,14608,1000,Horizontal,Forward
34416,14608,12609,1000,Horizontal,Forward
34417,12609,12610,1000,Horizontal,Forward
34418,12610,12611,1000,Horizontal,Forward
34419,12611,14612,1000,Horizontal,Forward
34420,14612,12613,1000,Horizontal,Forward
34421,12613,12614,1000,Horizontal,Forward
34422,12614,12615,1000,Horizontal,Forward
34423,12615,14616,1000,Horizontal,Forward
34424,14616,12617,1000,Horizontal,Forward
34425,12617,12618,1000,Horizontal,Forward
34426,12618,14619,1000,Horizontal,Forward
34427,14619,12620,1000,Horizontal,Forward
34428,12620,12621,1000,Horizontal,Forward
34429,12621,12622,1000,Horizontal,Forward
34430,12622,14623,1000,Horizontal,Forward
34431,14623,12624,1000,Horizontal,Forward
34432,12624,12625,1000,Horizontal,Forward
34433,12625,12626,1000,Horizontal,Forward
34434,12626,14627,1000,Horizontal,Forward
34435,14627,12628,1000,Horizontal,Forward
34436,12628,12629,1000,Horizontal,Forward
34437,12629,12630,1000,Horizontal,Forward
34438,12630,13631,1000,Horizontal,Forward
34439,13631,10632,1000,Horizontal,Forward
34501,10632,10633,1000,Horizontal,Forward
34502,10633,10553,1000,Horizontal,Forward
34601,10832,10833,1000,Horizontal,Forward
34602,10833,10834,1000,Horizontal,Forward
34701,10632,10834,1000,Horizontal,Forward
34801,10834,10634,1000,Horizontal,Forward
34802,10634,12635,1000,Horizontal,Forward
34803,12635,12636,1000,Horizontal,Forward
34804,12636,12637,1000,Horizontal,Forward
34805,12637,12638,1000,Horizontal,Forward
34806,12638,12639,1000,Horizontal,Forward
34807,12639,12640,1000,Horizontal,Forward
34808,12640,12641,1000,Horizontal,Forward
34809,12641,12642,1000,Horizontal,Forward
34810,12642,12643,1000,Horizontal,Forward
34811,12643,12644,1000,Horizontal,Forward
34812,12644,12645,1000,Horizontal,Forward
34813,12645,12646,1000,Horizontal,Forward
34814,12646,12647,1000,Horizontal,Forward
34815,12647,12648,1000,Horizontal,Forward
34816,12648,12649,1000,Horizontal,Forward
34817,12649,12650,1000,Horizontal,Forward
34818,12650,12651,1000,Horizontal,Forward
34819,12651,12652,1000,Horizontal,Forward
34820,12652,12653,1000,Horizontal,Forward
34821,12653,12654,1000,Horizontal,Forward
34822,12654,12655,1000,Horizontal,Forward
34823,12655,12656,1000,Horizontal,Forward
34824,12656,12657,1000,Horizontal,Forward
34825,12657,12658,1000,Horizontal,Forward
34826,12658,12659,1000,Horizontal,Forward
34827,12659,12660,1000,Horizontal,Forward
34828,12660,12661,1000,Horizontal,Forward
34829,12661,12662,1000,Horizontal,Forward
34830,12662,12663,1000,Horizontal,Forward
34831,12663,12664,1000,Horizontal,Forward
34832,12664,12665,1000,Horizontal,Forward
34833,12665,12666,1000,Horizontal,Forward
34834,12666,12667,1000,Horizontal,Forward
34835,12667,12668,1000,Horizontal,Forward
34836,12668,12669,1000,Horizontal,Forward
34837,12669,12670,1000,Horizontal,Forward
34838,12670,12671,1000,Horizontal,Forward
34839,12671,12672,1000,Horizontal,Forward
34840,12672,12673,1000,Horizontal,Forward
34841,12673,10674,1000,Horizontal,Forward
34842,10674,10675,1000,Horizontal,Forward
34901,10592,10593,1000,Horizontal,Forward
34902,10593,10675,1000,Horizontal,Forward
35001,10675,10676,1000,Horizontal,Forward
35002,10676,12677,1000,Horizontal,Forward
35003,12677,14678,1000,Horizontal,Forward
35004,14678,14679,1000,Horizontal,Forward
35005,14679,12680,1000,Horizontal,Forward
35006,12680,12681,1000,Horizontal,Forward
35007,12681,14682,1000,Horizontal,Forward
35008,14682,14683,1000,Horizontal,Forward
35009,14683,12684,1000,Horizontal,Forward
35010,12684,12685,1000,Horizontal,Forward
35011,12685,12686,1000,Horizontal,Forward
35012,12686,12687,1000,Horizontal,Forward
35013,12687,12688,1000,Horizontal,Forward
35014,12688,12689,1000,Horizontal,Forward
35015,12689,12690,1000,Horizontal,Forward
35016,12690,12691,1000,Horizontal,Forward
35017,12691,12692,1000,Horizontal,Forward
35018,12692,12693,1000,Horizontal,Forward
35019,12693,12694,1000,Horizontal,Forward
35020,12694,12695,1000,Horizontal,Forward
35021,12695,12696,1000,Horizontal,Forward
35022,12696,12697,1000,Horizontal,Forward
35023,12697,12698,1000,Horizontal,Forward
35024,12698,12699,1000,Horizontal,Forward
35025,12699,12700,1000,Horizontal,Forward
35026,12700,12701,1000,Horizontal,Forward
35027,12701,12702,1000,Horizontal,Forward
35028,12702,12703,1000,Horizontal,Forward
35029,12703,12704,1000,Horizontal,Forward
35030,12704,12705,1000,Horizontal,Forward
35031,12705,12706,1000,Horizontal,Forward
35032,12706,12707,1000,Horizontal,Forward
35033,12707,12708,1000,Horizontal,Forward
35034,12708,12709,1000,Horizontal,Forward
35035,12709,12710,1000,Horizontal,Forward
35036,12710,12711,1000,Horizontal,Forward
35037,12711,12712,1000,Horizontal,Forward
35038,12712,12713,1000,Horizontal,Forward
35039,12713,12714,1000,Horizontal,Forward
35040,12714,12715,1000,Horizontal,Forward
35041,12715,12716,1000,Horizontal,Forward
35042,12716,10717,1000,Horizontal,Forward
35043,10717,10836,1000,Horizontal,Forward
35101,10834,10835,1000,Horizontal,Forward
35102,10835,10836,1000,Horizontal,Forward
35201,10836,10837,1000,Horizontal,Forward
35202,10837,10838,1000,Horizontal,Forward
35301,10838,11839,1000,Horizontal,Forward
35302,11839,11840,1000,Horizontal,Forward
35303,11840,11841,1000,Horizontal,Forward
35304,11841,10842,1000,Horizontal,Forward
35401,10842,10843,1000,Horizontal,Forward
35402,10843,11844,1000,Horizontal,Forward
35403,11844,10845,1000,Horizontal,Forward
35501,10845,10846,1000,Horizontal,Forward
35601,10846,10827,1000,Horizontal,Forward
35701,10846,10847,1000,Horizontal,Forward
35702,10847,11848,1000,Horizontal,Forward
35703,11848,10849,1000,Horizontal,Forward
35704,10849,10850,1000,Horizontal,Forward
35801,10823,10850,1000,Horizontal,Forward
35901,10850,10851,1000,Horizontal,Forward
35902,10851,11852,1000,Horizontal,Forward
35903,11852,11853,1000,Horizontal,Forward
35904,11853,10854,1000,Horizontal,Forward
36001,10854,10855,1000,Horizontal,Forward
36002,10855,10856,1000,Horizontal,Forward
36101,10856,11857,1000,Horizontal,Forward
36102,11857,10858,1000,Horizontal,Forward
36201,10858,10807,1000,Horizontal,Forward
36301,10807,10808,1000,Horizontal,Forward
36302,10808,10809,1000,Horizontal,Forward
36303,10809,10810,1000,Horizontal,Forward
36401,10807,10001,1000,Horizontal,Forward
36501,10858,10859,1000,Horizontal,Forward
36701,10859,10860,1000,Horizontal,Forward
36702,10860,10861,1000,Horizontal,Forward
36801,10861,10856,1000,Horizontal,Forward
36901,10861,10862,1000,Horizontal,Forward
36902,10862,10863,1000,Horizontal,Forward
37001,10854,10863,1000,Horizontal,Forward
37201,10863,10864,1000,Horizontal,Forward
37202,10864,10865,1000,Horizontal,Forward
37501,10865,10866,1000,Horizontal,Forward
37601,10850,10866,1000,Horizontal,Forward
37701,10866,10867,1000,Horizontal,Forward
37901,10867,10868,1000,Horizontal,Forward
37902,10868,10869,1000,Horizontal,Forward
38201,10869,10870,1000,Horizontal,Forward
38202,10870,10871,1000,Horizontal,Forward
38301,10845,10871,1000,Horizontal,Forward
38401,10871,12722,1000,Horizontal,Forward
38402,12722,12723,1000,Horizontal,Forward
38403,12723,12724,1000,Horizontal,Forward
38404,12724,12725,1000,Horizontal,Forward
38405,12725,12726,1000,Horizontal,Forward
38406,12726,12727,1000,Horizontal,Forward
38407,12727,12728,1000,Horizontal,Forward
38408,12728,12729,1000,Horizontal,Forward
38409,12729,13730,1000,Horizontal,Forward
38410,13730,12731,1000,Horizontal,Forward
38411,12731,12732,1000,Horizontal,Forward
38412,12732,14733,1000,Horizontal,Forward
38413,14733,12734,1000,Horizontal,Forward
38414,12734,12735,1000,Horizontal,Forward
38415,12735,12736,1000,Horizontal,Forward
38416,12736,14737,1000,Horizontal,Forward
38417,14737,12738,1000,Horizontal,Forward
38418,12738,14739,1000,Horizontal,Forward
38419,14739,12740,1000,Horizontal,Forward
38420,12740,12741,1000,Horizontal,Forward
38421,12741,12742,1000,Horizontal,Forward
38422,12742,13743,1000,Horizontal,Forward
38423,13743,12744,1000,Horizontal,Forward
38424,12744,12745,1000,Horizontal,Forward
38425,12745,14746,1000,Horizontal,Forward
38426,14746,12747,1000,Horizontal,Forward
38427,12747,12748,1000,Horizontal,Forward
38428,12748,14749,1000,Horizontal,Forward
38429,14749,12750,1000,Horizontal,Forward
38430,12750,12751,1000,Horizontal,Forward
38431,12751,14752,1000,Horizontal,Forward
38432,14752,12753,1000,Horizontal,Forward
38433,12753,12754,1000,Horizontal,Forward
38434,12754,14755,1000,Horizontal,Forward
38435,14755,12756,1000,Horizontal,Forward
38436,12756,12757,1000,Horizontal,Forward
38437,12757,14758,1000,Horizontal,Forward
38438,14758,12759,1000,Horizontal,Forward
38439,12759,12760,1000,Horizontal,Forward
38440,12760,12761,1000,Horizontal,Forward
38441,12761,14762,1000,Horizontal,Forward
38442,14762,10763,1000,Horizontal,Forward
38443,10763,10764,1000,Horizontal,Forward
38501,10871,10872,1000,Horizontal,Forward
38502,10872,10873,1000,Horizontal,Forward
38601,10764,10765,1000,Horizontal,Forward
38602,10765,13766,1000,Horizontal,Forward
38603,13766,12767,1000,Horizontal,Forward
38604,12767,14768,1000,Horizontal,Forward
38605,14768,12769,1000,Horizontal,Forward
38606,12769,12770,1000,Horizontal,Forward
38607,12770,14771,1000,Horizontal,Forward
38608,14771,12772,1000,Horizontal,Forward
38609,12772,12773,1000,Horizontal,Forward
38610,12773,14774,1000,Horizontal,Forward
38611,14774,12775,1000,Horizontal,Forward
38612,12775,12776,1000,Horizontal,Forward
38613,12776,14777,1000,Horizontal,Forward
38614,14777,12778,1000,Horizontal,Forward
38615,12778,12779,1000,Horizontal,Forward
38616,12779,14780,1000,Horizontal,Forward
38617,14780,12781,1000,Horizontal,Forward
38618,12781,12782,1000,Horizontal,Forward
38619,12782,14783,1000,Horizontal,Forward
38620,14783,12784,1000,Horizontal,Forward
38621,12784,12785,1000,Horizontal,Forward
38622,12785,14786,1000,Horizontal,Forward
38623,14786,12787,1000,Horizontal,Forward
38624,12787,12788,1000,Horizontal,Forward
38625,12788,12789,1000,Horizontal,Forward
38626,12789,14790,1000,Horizontal,Forward
38627,14790,12791,1000,Horizontal,Forward
38628,12791,14792,1000,Horizontal,Forward
38629,14792,12793,1000,Horizontal,Forward
38630,12793,12794,1000,Horizontal,Forward
38631,12794,12795,1000,Horizontal,Forward
38632,12795,14796,1000,Horizontal,Forward
38633,14796,12797,1000,Horizontal,Forward
38634,12797,12798,1000,Horizontal,Forward
38635,12798,13799,1000,Horizontal,Forward
38636,13799,12800,1000,Horizontal,Forward
38637,12800,12801,1000,Horizontal,Forward
38638,12801,12802,1000,Horizontal,Forward
38639,12802,12803,1000,Horizontal,Forward
38640,12803,12804,1000,Horizontal,Forward
38641,12804,12805,1000,Horizontal,Forward
38642,12805,12806,1000,Horizontal,Forward
38643,12806,10873,1000,Horizontal,Forward
38801,10873,10874,1000,Horizontal,Forward
38901,10842,10874,1000,Horizontal,Forward
39001,10874,10875,1000,Horizontal,Forward
39002,10875,10876,1000,Horizontal,Forward
39101,10874,10718,1000,Horizontal,Forward
39102,10718,19000,1000,Horizontal,Forward
39103,19000,10719,1000,Horizontal,Forward
39104,10719,10720,1000,Horizontal,Forward
39105,10720,10721,1000,Horizontal,Forward
39106,10721,10876,1000,Horizontal,Forward
39401,10876,10877,1000,Horizontal,Forward
39402,10877,10878,1000,Horizontal,Forward
39601,10878,10838,1000,Horizontal,Forward